index,V1_0-4,V1_5-15,V1_16-19,V1_20-59,V1_60+,V1_Risk_16-19,V1_Risk_20-59,V1_Risk_60+,V1_Clinical,V1_Crowded,V1_Disabled,V1_Edu,V1_Ethnic,V1_Factory,V1_Frontline,V1_Healthcare,V1_Military,V1_Shielding,V1_Police,V1_Pregnant,V1_PrimaryStu,V1_Religious,V1_Residents,V1_CareStaff,V1_TertiaryStu,V3_0-4,V3_5-19,V3_20-59,V3_60+,V3_Risk_16-19,V3_Risk_20-59,V3_Risk_60+,V3_Airport,V3_Clinically,V3_EduStu,V3_HighContact,V3_Multi,V3_Pregnant,V3_PrimaryStu,V1_IssuePoint,V2_H7_IssuePoint,V3_IssuePoint,VacCategory,VacDailySmoothed,CHI,GRI,SI,new_cases,new_cases_smoothed,new_deaths,new_deaths_smoothed,weekly_cases,biweekly_cases,reproduction_rate,daily_ people_1_dose,total_vaccinations,people_1_dose,people_2_doses,people_boosters,people_vaccinated_per_hundred,people_fully_vaccinated_per_hundred,total_boosters_per_hundred
20201215,0,0,0,0,0,0,0,0,0,0,0,0,0,0,0,0,0,0,0,0,0,0,0,0,0,0,0,0,0,0,0,0,0,0,0,0,0,0,0,,1,,1,187500,77.02,75.21,78.24,12,15.571,0,0,109,219,1,,1500000,,,,,,
20201216,0,0,0,0,0,0,0,0,0,0,0,0,0,0,0,0,0,0,0,0,0,0,0,0,0,0,0,0,0,0,0,0,0,0,0,0,0,0,0,,,,,187500,77.02,75.21,78.24,7,14.857,0,0,104,209,0.98,,,,,,,,
20201217,0,0,0,0,0,0,0,0,0,0,0,0,0,0,0,0,0,0,0,0,0,0,0,0,0,0,0,0,0,0,0,0,0,0,0,0,0,0,0,,,,,187500,77.02,75.21,78.24,12,14.429,0,0,101,203,0.98,,,,,,,,
20201218,0,0,0,0,0,0,0,0,0,0,0,0,0,0,0,0,0,0,0,0,0,0,0,0,0,0,0,0,0,0,0,0,0,0,0,0,0,0,0,,,,,187500,77.02,75.21,78.24,17,15,0,0,105,205,0.97,,,,,,,,
20201219,0,0,0,0,0,0,0,0,0,0,0,0,0,0,1,1,0,0,0,0,0,0,0,0,0,0,0,0,0,0,0,0,2,0,0,0,0,0,0,1,,1,,187500,77.02,75.21,78.24,23,14.857,0,0,104,210,0.97,,,,,,,,
20201220,0,0,0,0,0,0,0,0,0,0,0,0,0,0,1,1,0,0,0,0,0,0,0,0,0,0,0,0,0,0,0,0,2,0,0,0,0,0,0,,,,,187500,77.02,75.21,78.24,23,15.857,0,0,111,218,0.94,,,,,,,,
20201221,0,0,0,0,0,0,0,0,0,0,0,0,0,0,1,1,0,0,0,0,0,0,0,0,0,0,0,0,0,0,0,0,2,0,0,0,0,0,0,,,,,187500,77.02,75.21,78.24,15,15.571,0,0,109,218,0.92,,,,,,,,
20201222,0,0,0,0,0,0,0,0,0,0,0,0,0,0,1,1,0,0,0,0,0,0,0,0,0,0,0,0,0,0,0,0,2,0,0,0,0,0,0,,,,,187500,77.02,75.21,78.24,15,16,0,0,112,221,0.9,,,,,,,,
20201223,0,0,0,0,0,0,0,0,0,0,0,0,0,0,1,1,0,0,0,0,0,0,0,0,0,0,0,0,0,0,0,0,2,0,0,0,0,0,0,,,,,187500,77.02,75.21,78.24,17,17.429,0,0,122,226,0.89,,,,,,,,
20201224,0,0,0,0,0,0,0,0,0,0,0,0,0,0,1,1,0,0,0,0,0,0,0,0,0,0,0,0,0,0,0,0,2,0,0,0,0,0,0,,,,,187500,77.02,75.21,78.24,14,17.714,0,0,124,225,0.89,,,,,,,,
20201225,0,0,0,0,0,0,0,0,0,0,0,0,0,0,1,1,0,0,0,0,0,0,0,0,0,0,0,0,0,0,0,0,2,0,0,0,0,0,0,,,,,187500,77.02,75.21,78.24,20,18.143,0,0,127,232,0.89,,,,,,,,
20201226,0,0,0,0,0,0,0,0,0,0,0,0,0,0,1,1,0,0,0,0,0,0,0,0,0,0,0,0,0,0,0,0,2,0,0,0,0,0,0,,,,,187500,77.02,75.21,78.24,22,18,0,0,126,230,0.89,,,,,,,,
20201227,0,0,0,0,0,0,0,0,0,0,0,0,0,0,1,1,0,0,0,0,0,0,0,0,0,0,0,0,0,0,0,0,2,0,0,0,0,0,0,,,,,187500,77.02,75.21,78.24,21,17.714,0,0,124,235,0.91,,,,,,,,
20201228,0,0,0,0,0,0,0,0,0,0,0,0,0,0,1,1,0,0,0,0,0,0,0,0,0,0,0,0,0,0,0,0,2,0,0,0,0,0,0,,,,,187500,77.02,75.21,78.24,27,19.429,0,0,136,245,0.91,,,,,,,,
20201229,0,0,0,0,0,0,0,0,0,0,0,0,0,0,1,1,0,0,0,0,0,0,0,0,0,0,0,0,0,0,0,0,2,0,0,0,0,0,0,,,,,187500,77.02,75.21,78.24,24,20.714,0,0,145,257,0.92,,,,,,,,
20201230,0,0,0,0,0,0,0,0,0,0,0,0,0,0,1,1,0,0,0,0,0,0,0,0,0,0,0,0,0,0,0,0,2,0,0,0,0,0,0,,,,,187500,77.02,75.21,78.24,25,21.857,0,0,153,275,0.92,,,,,,,,
20201231,0,0,0,0,0,0,0,0,0,0,0,0,0,0,1,1,0,0,0,0,0,0,0,0,0,0,0,0,0,0,0,0,2,0,0,0,0,0,0,,,,,187500,77.02,75.21,78.24,19,22.571,0,0,158,282,0.92,,4500000,,,,,,
20210101,0,0,0,0,0,0,0,0,0,0,0,0,0,0,1,1,0,0,0,0,0,0,0,0,0,0,0,0,0,0,0,0,2,0,0,0,0,0,0,,,,,232143,77.02,75.21,78.24,18,22.286,0,0,156,283,0.91,,,,,,,,
20210102,0,0,0,0,0,0,0,0,0,0,0,0,0,0,1,1,0,0,0,0,0,0,0,0,0,0,0,0,0,0,0,0,2,0,0,0,0,0,0,,,,,276786,77.02,75.21,78.24,28,23.143,0,0,162,288,0.93,,,,,,,,
20210103,0,0,0,0,0,0,0,0,0,0,0,0,0,0,1,1,0,0,0,0,0,0,0,0,0,0,0,0,0,0,0,0,2,0,0,0,0,0,0,,,,,321429,77.02,75.21,78.24,33,24.857,0,0,174,298,0.96,,,,,,,,
20210104,0,0,0,0,0,0,0,0,0,0,0,0,0,0,1,1,0,0,0,0,0,0,0,0,0,0,0,0,0,0,0,0,2,0,0,0,0,0,0,,,,,366071,77.02,75.21,78.24,33,25.714,0,0,180,316,1,,,,,,,,
20210105,0,0,0,0,0,0,0,0,0,0,0,0,0,0,1,1,0,0,0,0,0,0,0,0,0,0,0,0,0,0,0,0,2,0,0,0,0,0,0,,,,,410714,77.02,75.21,78.24,32,26.857,0,0,188,333,1.04,,,,,,,,
20210106,0,0,0,0,0,0,0,0,0,0,0,0,0,0,1,1,0,0,0,0,0,0,0,0,0,0,0,0,0,0,0,0,2,0,0,0,0,0,0,,,,,455357,77.02,75.21,78.24,63,32.286,0,0,226,379,1.09,,,,,,,,
20210107,0,0,0,0,0,0,0,0,0,0,0,0,0,0,1,1,0,0,0,0,0,0,0,0,0,0,0,0,0,0,0,0,2,0,0,0,0,0,0,,,,,500000,77.02,75.21,78.24,53,37.143,0,0,260,418,1.14,,,,,,,,
20210108,0,0,0,0,0,0,0,0,0,0,0,0,0,0,1,1,0,0,0,0,0,0,0,0,0,0,0,0,0,0,0,0,2,0,0,0,0,0,0,,,,,500000,77.02,75.21,78.24,33,39.286,0,0,275,431,1.19,,,,,,,,
20210109,0,0,0,0,0,0,0,0,0,0,0,0,0,0,1,1,0,0,0,0,0,0,0,0,0,0,0,0,0,0,0,0,2,0,0,0,0,0,0,,,,,500000,77.02,75.21,78.24,69,45.143,0,0,316,478,1.26,,9000000,,,,,,
20210110,0,0,0,0,0,0,0,0,0,0,0,0,0,0,1,1,0,0,0,0,0,0,0,0,0,0,0,0,0,0,0,0,2,0,0,0,0,0,0,,,,,464286,77.02,75.21,78.24,103,55.143,0,0,386,560,1.31,,,,,,,,
20210111,0,0,0,0,0,0,0,0,0,0,0,0,0,0,1,1,0,0,0,0,0,0,0,0,0,0,0,0,0,0,0,0,2,0,0,0,0,0,0,,,,,428571,77.02,75.21,78.24,55,58.286,0,0,408,588,1.34,,,,,,,,
20210112,0,0,0,0,0,0,0,0,0,0,0,0,0,0,1,1,0,0,0,0,0,0,0,0,0,0,0,0,0,0,0,0,2,0,0,0,0,0,0,,,,,392857,77.02,75.21,78.24,115,70.143,0,0,491,679,1.4,,,,,,,,
20210113,0,0,0,0,0,0,0,0,0,0,0,0,0,0,1,1,0,0,0,0,0,0,0,0,0,0,0,0,0,0,0,0,2,0,0,0,0,0,0,,,,,357143,77.02,75.21,78.24,138,80.857,1,0.143,566,792,1.41,,10000000,,,,,,
20210114,0,0,0,0,0,0,0,0,0,0,0,0,0,0,1,1,0,0,0,0,0,0,0,0,0,0,0,0,0,0,0,0,2,0,0,0,0,0,0,,,,,387755,77.02,75.21,78.24,144,93.857,0,0.143,657,917,1.38,,,,,,,,
20210115,0,0,0,0,0,0,0,0,0,0,0,0,0,0,1,1,0,0,0,0,0,0,0,0,0,0,0,0,0,0,0,0,2,0,0,0,0,0,0,,,,,418367,77.02,75.21,78.24,130,107.714,0,0.143,754,1029,1.35,,,,,,,,
20210116,0,0,0,0,0,0,0,0,0,0,0,0,0,0,1,1,0,0,0,0,0,0,0,0,0,0,0,0,0,0,0,0,2,0,0,0,0,0,0,,,,,448980,77.02,75.21,78.24,109,113.429,0,0.143,794,1110,1.31,,,,,,,,
20210117,0,0,0,0,0,0,0,0,0,0,0,0,0,0,1,1,0,0,0,0,0,0,0,0,0,0,0,0,0,0,0,0,2,0,0,0,0,0,0,,,,,515306,77.02,75.21,78.24,109,114.286,0,0.143,800,1186,1.28,,,,,,,,
20210118,0,0,0,0,0,0,0,0,0,0,0,0,0,0,1,1,0,0,0,0,0,0,0,0,0,0,0,0,0,0,0,0,2,0,0,0,0,0,0,,,,,581633,77.02,75.21,78.24,118,123.286,0,0.143,863,1271,1.28,,,,,,,,
20210119,0,0,0,0,0,0,0,0,0,0,0,0,0,0,1,1,0,0,0,0,0,0,0,0,0,0,0,0,0,0,0,0,2,0,0,0,0,0,0,,,,,647959,77.02,75.21,78.24,103,121.571,0,0.143,851,1342,1.23,,,,,,,,
20210120,0,0,0,0,0,0,0,0,0,0,0,0,0,0,1,1,0,0,0,0,0,0,0,0,0,0,0,0,0,0,0,0,2,0,0,0,0,0,0,,,,,714286,77.02,75.21,78.24,144,122.429,0,0,857,1423,1.2,,15000000,,,,,,
20210121,0,0,0,0,0,0,0,0,0,0,0,0,0,0,1,1,0,0,0,0,0,0,0,0,0,0,0,0,0,0,0,0,2,0,0,0,0,0,0,,,,,770755,77.02,75.21,78.24,110,117.571,0,0,823,1480,1.14,,,,,,,,
20210122,0,0,0,0,0,0,0,0,0,0,0,0,0,0,1,1,0,0,0,0,0,0,0,0,0,0,0,0,0,0,0,0,2,0,0,0,0,0,0,,,,,827224,77.02,75.21,78.24,100,113.286,0,0,793,1547,1.08,,,,,,,,
20210123,0,0,0,0,0,0,0,0,0,0,0,0,0,0,1,1,0,0,0,0,0,0,0,0,0,0,0,0,0,0,0,0,2,0,0,0,0,0,0,,,,,883694,77.02,75.21,78.24,80,109.143,0,0,764,1558,1.03,,,,,,,,
20210124,0,0,0,0,0,0,0,0,0,0,0,0,0,0,1,1,0,0,0,0,0,0,0,0,0,0,0,0,0,0,0,0,2,0,0,0,0,0,0,,,,,940163,77.02,75.21,78.24,124,111.286,0,0,779,1579,0.98,,,,,,,,
20210125,0,0,0,0,0,0,0,0,0,0,0,0,0,0,1,1,0,0,0,0,0,0,0,0,0,0,0,0,0,0,0,0,2,0,0,0,0,0,0,,,,,996633,77.02,75.21,78.24,82,106.143,1,0.143,743,1606,0.93,,,,,,,,
20210126,0,0,0,0,0,0,0,0,0,0,0,0,0,0,1,1,0,0,0,0,0,0,0,0,0,0,0,0,0,0,0,0,2,0,0,0,0,0,0,,,,,1053102,77.02,75.21,78.24,75,102.143,0,0.143,715,1566,0.87,,,,,,,,
20210127,0,0,0,0,0,0,0,0,0,0,0,0,0,0,1,1,0,0,0,0,0,0,0,0,0,0,0,0,0,0,0,0,2,0,0,0,0,0,0,,,,,1109571,77.02,75.21,78.24,54,89.286,0,0.143,625,1482,0.81,,22767000,,,,,,
20210128,0,0,0,0,0,0,0,0,0,0,0,0,0,0,1,1,0,0,0,0,0,0,0,0,0,0,0,0,0,0,0,0,2,0,0,0,0,0,0,,,,,995097,77.02,75.21,78.24,52,81,0,0.143,567,1390,0.76,,,,,,,,
20210129,0,0,0,0,0,0,0,0,0,0,0,0,0,0,1,1,0,0,0,0,0,0,0,0,0,0,0,0,0,0,0,0,2,0,0,0,0,0,0,,,,,880622,77.02,75.21,78.24,52,74.143,0,0.143,519,1312,0.72,,,,,,,,
20210130,0,0,0,0,0,0,0,0,0,0,0,0,0,0,1,1,0,0,0,0,0,0,0,0,0,0,0,0,0,0,0,0,2,0,0,0,0,0,0,,,,,766148,77.02,75.21,78.24,92,75.857,0,0.143,531,1295,0.69,,,,,,,,
20210131,0,0,0,0,0,0,0,0,0,0,0,0,0,0,1,1,0,0,0,0,0,0,0,0,0,0,0,0,0,0,0,0,2,0,0,0,0,0,0,,,,,651673,77.02,75.21,78.24,42,64.143,0,0.143,449,1228,0.64,,24000000,,,,,,
20210201,0,0,0,0,0,0,0,0,0,0,0,0,0,0,1,1,0,0,0,0,0,0,0,0,0,0,0,0,0,0,0,0,2,0,0,0,0,0,0,,,,,836020,77.02,75.21,78.24,30,56.714,0,0,397,1140,0.6,,,,,,,,
20210202,0,0,0,0,0,0,0,0,0,0,0,0,0,0,1,1,0,0,0,0,0,0,0,0,0,0,0,0,0,0,0,0,2,0,0,0,0,0,0,,,,,1020367,77.02,75.21,78.24,25,49.571,0,0,347,1062,0.56,,,,,,,,
20210203,0,0,0,0,0,0,0,0,0,0,0,0,0,0,1,1,0,0,0,0,0,0,0,0,0,0,0,0,0,0,0,0,2,0,0,0,0,0,0,,,,,1204714,77.02,75.21,78.24,30,46.143,0,0,323,948,0.54,,31200000,,,,,,
20210204,0,0,0,0,0,0,0,0,0,0,0,0,0,0,1,1,0,0,0,0,0,0,0,0,0,0,0,0,0,0,0,0,2,0,0,0,0,0,0,,,,,1382583,77.02,75.21,78.24,20,41.571,0,0,291,858,0.52,,,,,,,,
20210205,0,0,0,0,0,0,0,0,0,0,0,0,0,0,1,1,0,0,0,0,0,0,0,0,0,0,0,0,0,0,0,0,2,0,0,0,0,0,0,,,,,1560452,77.02,75.21,78.24,12,35.857,0,0,251,770,0.51,,,,,,,,
20210206,0,0,0,0,0,0,0,0,0,0,0,0,0,0,1,1,0,0,0,0,0,0,0,0,0,0,0,0,0,0,0,0,2,0,0,0,0,0,0,,,,,1738321,77.02,75.21,78.24,11,24.286,0,0,170,701,0.49,,,,,,,,
20210207,0,0,0,0,0,0,0,0,0,0,0,0,0,0,1,1,0,0,0,0,0,0,0,0,0,0,0,0,0,0,0,0,2,0,0,0,0,0,0,,,,,1916190,77.02,75.21,78.24,14,20.286,0,0,142,591,0.5,,,,,,,,
20210208,0,0,0,0,0,0,0,0,0,0,0,0,0,0,1,1,0,0,0,0,0,0,0,0,0,0,0,0,0,0,0,0,2,0,0,0,0,0,0,,,,,1795238,77.02,75.21,78.24,14,18,0,0,126,523,0.51,,,,,,,,
20210209,0,0,0,0,0,0,0,0,0,0,0,0,0,0,1,1,0,0,0,0,0,0,0,0,0,0,0,0,0,0,0,0,2,0,0,0,0,0,0,,,,,1674286,77.02,75.21,78.24,14,16.429,0,0,115,462,0.52,,40520000,,,,,,
20210210,0,0,0,0,0,0,0,0,0,0,0,0,0,0,1,1,0,0,0,0,0,0,0,0,0,0,0,0,0,0,0,0,2,0,0,2,0,0,0,,,1,,1421654,77.02,75.21,78.24,2,12.429,0,0,87,410,0.51,,,,,,,,
20210211,0,0,0,0,0,0,0,0,0,0,0,0,0,0,1,1,0,0,0,0,0,0,0,0,0,0,0,0,0,0,0,0,2,0,0,2,0,0,0,,,,,1289975,77.02,75.21,78.24,12,11.286,0,0,79,370,0.52,,,,,,,,
20210212,0,0,0,0,0,0,0,0,0,0,0,0,0,0,1,1,0,0,0,0,0,0,0,0,0,0,0,0,0,0,0,0,2,0,0,2,0,0,0,,,,,1158296,77.02,75.21,78.24,8,10.714,0,0,75,326,0.51,,,,,,,,
20210213,0,0,0,0,0,0,0,0,0,0,0,0,0,0,1,1,0,0,0,0,0,0,0,0,0,0,0,0,0,0,0,0,2,0,0,2,0,0,0,,,,,1026617,77.02,75.21,78.24,7,10.143,0,0,71,241,0.51,,,,,,,,
20210214,0,0,0,0,0,0,0,0,0,0,0,0,0,0,1,1,0,0,0,0,0,0,0,0,0,0,0,0,0,0,0,0,2,0,0,2,0,0,0,,,,,894937,77.02,75.21,78.24,9,9.429,0,0,66,208,0.52,,,,,,,,
20210215,0,0,0,0,0,0,0,0,0,0,0,0,0,0,1,1,0,0,0,0,0,0,0,0,0,0,0,0,0,0,0,0,2,0,0,2,0,0,0,,,,,763258,77.02,75.21,78.24,16,9.714,0,0,68,194,0.55,,,,,,,,
20210216,0,0,0,0,0,0,0,0,0,0,0,0,0,0,1,1,0,0,0,0,0,0,0,0,0,0,0,0,0,0,0,0,2,0,0,2,0,0,0,,,,,631579,77.02,75.21,78.24,7,8.714,0,0,61,176,0.58,,,,,,,,
20210217,0,0,0,0,0,0,0,0,0,0,0,0,0,0,1,1,0,0,0,0,0,0,0,0,0,0,0,0,0,0,0,0,2,0,0,2,0,0,0,,,,,631579,77.02,75.21,78.24,11,10,0,0,70,157,0.63,,,,,,,,
20210218,0,0,0,0,0,0,0,0,0,0,0,0,0,0,1,1,0,0,0,0,0,0,0,0,0,0,0,0,0,0,0,0,2,0,0,2,0,0,0,,,,,631579,77.02,75.21,78.24,10,9.714,0,0,68,147,0.65,,,,,,,,
20210219,0,0,0,0,0,0,0,0,0,0,0,0,0,0,1,1,0,0,0,0,0,0,0,0,0,0,0,0,0,0,0,0,2,0,0,2,0,0,0,,,,,631579,77.02,75.21,78.24,8,9.714,0,0,68,143,0.68,,,,,,,,
20210220,0,0,0,0,0,0,0,0,0,0,0,0,0,0,1,1,0,0,0,0,0,0,0,0,0,0,0,0,0,0,0,0,2,0,0,2,0,0,0,,,,,631579,77.02,75.21,78.24,7,9.714,0,0,68,139,0.73,,,,,,,,
20210221,0,0,0,0,0,0,0,0,0,0,0,0,0,0,1,1,0,0,0,0,0,0,0,0,0,0,0,0,0,0,0,0,2,0,0,2,0,0,0,,,,,631579,77.02,75.21,78.24,11,10,0,0,70,136,0.79,,,,,,,,
20210222,0,0,0,0,0,0,0,0,0,0,0,0,0,0,1,1,0,0,0,0,0,0,0,0,0,0,0,0,0,0,0,0,2,0,0,2,0,0,0,,,,,631579,63.63,63.49,61.57,10,9.143,0,0,64,132,0.82,,,,,,,,
20210223,0,0,0,0,0,0,0,0,0,0,0,0,0,0,1,1,0,0,0,0,0,0,0,0,0,0,0,0,0,0,0,0,2,0,0,2,0,0,0,,,,,631579,63.63,63.49,61.57,12,9.857,0,0,69,130,0.86,,,,,,,,
20210224,0,0,0,0,0,0,0,0,0,0,0,0,0,0,1,1,0,0,0,0,0,0,0,0,0,0,0,0,0,0,0,0,2,0,0,2,0,0,0,,,,,631579,63.63,63.49,61.57,7,9.286,0,0,65,135,0.89,,,,,,,,
20210225,0,0,0,0,0,0,0,0,0,0,0,0,0,0,1,1,0,0,0,0,0,0,0,0,0,0,0,0,0,0,0,0,2,0,0,2,0,0,0,,,,,631579,63.63,63.49,61.57,6,8.714,0,0,61,129,0.92,,,,,,,,
20210226,0,0,0,0,0,0,0,0,0,0,0,0,0,0,1,1,0,0,0,0,0,0,0,0,0,0,0,0,0,0,0,0,2,0,0,2,0,0,0,,,,,631579,63.63,63.49,61.57,10,9,0,0,63,131,0.97,,,,,,,,
20210227,0,0,0,0,0,0,0,0,0,0,0,0,0,0,1,1,0,0,0,0,0,0,0,0,0,0,0,0,0,0,0,0,2,0,0,2,0,0,0,,,,,631579,63.63,63.49,61.57,6,8.857,0,0,62,130,1,,,,,,,,
20210228,0,0,0,0,0,0,0,0,0,0,0,0,0,0,1,1,0,0,0,0,0,0,0,0,0,0,0,0,0,0,0,0,2,0,0,2,0,0,0,,,,,631579,63.63,63.49,61.57,19,10,0,0,70,140,0.99,,52520000,,,,,,
20210301,0,0,0,0,0,0,0,0,0,0,0,0,0,0,1,1,0,0,0,0,0,0,0,0,0,0,0,0,0,0,0,0,2,0,0,2,0,0,0,,,,,668496,60.06,60.36,56.02,11,10.143,0,0,71,135,0.95,,,,,,,,
20210302,0,0,0,0,0,0,0,0,0,0,0,0,0,0,1,1,0,0,0,0,0,0,0,0,0,0,0,0,0,0,0,0,2,0,0,2,0,0,0,,,,,705414,60.06,60.36,56.02,10,9.857,0,0,69,138,0.93,,,,,,,,
20210303,0,0,0,0,2,0,0,2,0,0,0,0,0,0,1,1,0,0,0,0,0,0,0,0,0,0,0,0,2,0,0,2,2,0,0,2,0,0,0,1,2,1,,742331,61.49,61.61,56.02,10,10.286,0,0,72,137,0.92,,,,,,,,
20210304,0,0,0,0,2,0,0,2,0,0,0,0,0,0,1,1,0,0,0,0,0,0,0,0,0,0,0,0,2,0,0,2,2,0,0,2,0,0,0,,,,,779248,61.49,61.61,56.02,9,10.714,0,0,75,136,0.91,,,,,,,,
20210305,0,0,0,0,2,0,0,2,0,0,0,0,0,0,1,1,0,0,0,0,0,0,0,0,0,0,0,0,2,0,0,2,2,0,0,2,0,0,0,,,,,816165,61.49,61.61,56.02,10,10.714,0,0,75,138,0.91,,,,,,,,
20210306,0,0,0,0,2,0,0,2,0,0,0,0,0,0,1,1,0,0,0,0,0,0,0,0,0,0,0,0,2,0,0,2,2,0,0,2,0,0,0,,,,,853083,61.49,61.61,56.02,13,11.714,0,0,82,144,0.94,,,,,,,,
20210307,0,0,0,0,2,0,0,2,0,0,0,0,0,0,1,1,0,0,0,0,0,0,0,0,0,0,0,0,2,0,0,2,2,0,0,2,0,0,0,,,,,890000,61.49,61.61,56.02,19,11.714,0,0,82,152,0.99,,,,,,,,
20210308,0,0,0,0,2,0,0,2,0,0,0,0,0,0,1,1,0,0,0,0,0,0,0,0,0,0,0,0,2,0,0,2,2,0,0,2,0,0,0,,,,,890000,61.49,61.61,56.02,8,11.286,0,0,79,150,1.01,,,,,,,,
20210309,0,0,0,0,2,0,0,2,0,0,0,0,0,0,1,1,0,0,0,0,0,0,0,0,0,0,0,0,2,0,0,2,2,0,0,2,0,0,0,,,,,890000,61.49,61.61,56.02,5,10.571,0,0,74,143,1.07,,,,,,,,
20210310,0,0,0,0,2,0,0,2,0,0,0,0,0,0,1,1,0,0,0,0,0,0,0,0,0,0,0,0,2,0,0,2,2,0,0,2,0,0,0,,,,,890000,61.49,61.61,56.02,11,10.714,0,0,75,147,1.12,,,,,,,,
20210311,0,0,0,0,2,0,0,2,0,0,0,0,0,0,1,1,0,0,0,0,0,0,0,0,0,0,0,0,2,0,0,2,2,0,0,2,0,0,0,,,,,890000,61.49,61.61,56.02,9,10.714,0,0,75,150,1.2,,,,,,,,
20210312,0,0,0,0,2,0,0,2,0,0,0,0,0,0,1,1,0,0,0,0,0,0,0,0,0,0,0,0,2,0,0,2,2,0,0,2,0,0,0,,,,,890000,61.49,61.61,56.02,7,10.286,0,0,72,147,1.27,,,,,,,,
20210313,0,0,0,0,2,0,0,2,0,0,0,0,0,0,1,1,0,0,0,0,0,0,0,0,0,0,0,0,2,0,0,2,2,0,0,2,0,0,0,,,,,890000,61.49,61.61,56.02,10,9.857,0,0,69,151,1.22,,,,,,,,
20210314,0,0,0,0,2,0,0,2,0,0,0,0,0,0,1,1,0,0,0,0,0,0,0,0,0,0,0,0,2,0,0,2,2,0,0,2,0,0,0,,,,,890000,61.49,61.61,56.02,5,7.857,0,0,55,137,1.11,,64980000,,,,,,
20210315,0,0,0,0,2,0,0,2,0,0,0,0,0,0,1,1,0,0,0,0,0,0,0,0,0,0,0,0,2,0,0,2,2,0,0,2,0,0,0,,,,,1000381,58.51,59.01,51.39,13,8.571,0,0,60,139,1.04,,,,,,,,
20210316,0,0,0,0,2,0,0,2,0,0,0,0,0,0,1,1,0,0,0,0,0,0,0,0,0,0,0,0,2,0,0,2,2,0,0,2,0,0,0,,,,,1110762,58.51,59.01,51.39,4,8.429,0,0,59,133,0.94,,,,,,,,
20210317,0,0,0,0,2,0,0,2,0,0,0,0,0,0,1,1,0,0,0,0,0,0,0,0,0,0,0,0,2,0,0,2,2,0,0,2,0,0,0,,,,,1221143,58.51,59.01,51.39,6,7.714,0,0,54,129,0.87,,,,,,,,
20210318,0,0,0,0,2,0,0,2,0,0,0,0,0,0,1,1,0,0,0,0,0,0,0,0,0,0,0,0,2,0,0,2,2,0,0,2,0,0,0,,,,,1331524,58.51,59.01,51.39,11,8,0,0,56,131,0.83,,,,,,,,
20210319,0,0,0,0,2,0,0,2,0,0,0,0,0,0,1,1,0,0,0,0,0,0,0,0,0,0,0,0,2,0,0,2,2,0,0,2,0,0,0,,,,,1441905,58.51,59.01,51.39,4,7.571,0,0,53,125,0.79,,,,,,,,
20210320,0,0,0,0,2,0,0,2,0,0,0,0,0,0,1,1,0,0,0,0,0,0,0,0,0,0,0,0,2,0,0,2,2,0,0,2,0,0,0,,,,,1552286,58.51,59.01,51.39,12,7.857,0,0,55,124,0.79,,74956000,,,,,,
20210321,0,0,0,0,2,0,0,2,0,0,0,0,0,0,1,1,0,0,0,0,0,0,0,0,0,0,0,0,2,0,0,2,2,0,0,2,0,0,0,,,,,1818286,58.51,59.01,51.39,7,8.143,0,0,57,112,0.8,,,,,,,,
20210322,0,0,0,0,2,0,0,2,0,0,0,0,0,0,1,1,0,0,0,0,0,0,0,0,0,0,0,0,2,0,0,2,2,0,0,2,0,0,0,,,,,1973905,58.51,59.01,51.39,9,7.571,0,0,53,113,0.84,,80460000,,,,,,
20210323,0,0,0,0,2,0,0,2,0,0,0,0,0,0,1,1,0,0,0,0,0,0,0,0,0,0,0,0,2,0,0,2,2,0,0,2,0,0,0,,4,,,2077238,61.37,61.51,51.39,10,8.429,0,0,59,118,0.86,,82846000,,,,,,
20210324,0,0,0,0,2,0,0,2,0,0,0,0,0,0,1,1,0,0,0,0,0,0,0,0,0,0,0,0,2,0,0,2,2,0,0,2,0,0,0,,,,,2270243,61.37,61.51,51.39,11,9.143,0,0,64,118,0.87,,85859700,,,,,,
20210325,0,0,0,0,2,0,0,2,0,0,0,0,0,0,1,1,0,0,0,0,0,0,0,0,0,0,0,0,2,0,0,2,2,0,0,2,0,0,0,,,,,2816476,61.37,61.51,51.39,11,9.143,0,0,64,120,0.86,,91346000,,,,,,
20210326,0,0,0,0,2,0,0,2,0,0,0,0,0,0,1,1,0,0,0,0,0,0,0,0,0,0,0,0,2,0,0,2,2,0,0,2,0,0,0,,,,,3453810,61.37,61.51,51.39,12,10.286,0,0,72,125,0.86,,97470000,,,,,,
20210327,0,0,0,0,2,0,0,2,0,0,0,0,0,0,1,1,0,0,0,0,0,0,0,0,0,0,0,0,2,0,0,2,2,0,0,2,0,0,0,,,,,3923000,61.37,61.51,51.39,11,10.143,0,0,71,126,0.86,,102417000,,,,,,
20210328,0,0,0,0,2,0,0,2,3,0,0,3,0,0,1,1,0,0,0,0,0,0,0,0,3,0,0,0,2,0,0,2,2,2,2,2,0,0,0,1,,1,,4129286,61.37,61.51,51.39,12,10.857,0,0,76,133,0.88,,106613000,,,,,,
20210329,0,0,0,0,2,0,0,2,3,0,0,3,0,0,1,1,0,0,0,0,0,0,0,0,3,0,0,0,2,0,0,2,2,2,2,2,0,0,0,,,,,4357429,56.9,57.6,44.44,8,10.714,0,0,75,128,0.93,,110962000,,,,,,
20210330,0,0,0,0,2,0,0,2,3,0,0,3,0,0,1,1,0,0,0,0,0,0,0,0,3,0,0,0,2,0,0,2,2,2,2,2,0,0,0,,,,,4549143,56.9,57.6,44.44,11,10.857,0,0,76,135,1,,114690000,,,,,,
20210331,0,0,0,0,2,0,0,2,3,0,0,3,0,0,1,1,0,0,0,0,0,0,0,0,3,0,0,0,2,0,0,2,2,2,2,2,0,0,0,,,,,4851614,60.48,60.73,50,16,11.571,0,0,81,145,1.08,,119821000,,,,,,
20210401,0,0,0,0,2,0,0,2,3,0,0,3,0,0,1,1,0,0,0,0,0,0,0,0,3,0,0,0,2,0,0,2,2,2,2,2,0,0,0,,,,,5038571,60.48,60.73,50,9,11.286,0,0,79,143,1.14,,126616000,,,,,,
20210402,0,0,0,0,2,0,0,2,3,0,0,3,0,0,1,1,0,0,0,0,0,0,0,0,3,0,0,0,2,0,0,2,2,2,2,2,0,0,0,,,,,5190143,60.48,60.73,50,26,13.286,0,0,93,165,1.21,,133801000,,,,,,
20210403,0,0,0,0,2,0,0,2,3,0,0,3,0,0,1,1,0,0,0,0,0,0,0,0,3,0,0,0,2,0,0,2,2,2,2,2,0,0,0,,,,,4894286,60.48,60.73,50,20,14.571,0,0,102,173,1.2,,136677000,,,,,,
20210404,0,0,0,0,2,0,0,2,3,0,0,3,0,0,1,1,0,0,0,0,0,0,0,0,3,0,0,0,2,0,0,2,2,2,2,2,0,0,0,,,,,4765286,60.48,60.73,50,33,17.571,0,0,123,199,1.2,,139970000,,,,,,
20210405,0,0,0,0,2,0,0,2,3,0,0,3,0,0,1,1,0,0,0,0,0,0,0,0,3,0,0,0,2,0,0,2,2,2,2,2,0,0,0,,,,,4548571,78.63,76.61,78.24,24,19.857,0,0,139,214,1.18,,142802000,,,,,,
20210406,0,0,0,0,2,0,0,2,3,0,0,3,0,0,1,1,0,0,0,0,0,0,0,0,3,0,0,0,2,0,0,2,2,2,2,2,0,0,0,,,,,4461429,78.63,76.61,78.24,12,20,0,0,140,216,1.12,,145920000,,,,,,
20210407,0,0,0,0,2,0,0,2,3,0,0,3,0,0,1,1,0,0,0,0,0,0,0,0,3,0,0,0,2,0,0,2,2,2,2,2,0,0,0,,,,,4178571,78.63,76.61,78.24,24,21.143,0,0,148,229,1.1,,149071000,,,,,,
20210408,0,0,0,0,2,0,0,2,3,0,0,3,0,0,1,1,0,0,0,0,0,0,0,0,3,0,0,0,2,0,0,2,2,2,2,2,0,0,0,,,,,4076286,78.63,76.61,78.24,21,22.857,0,0,160,239,1.06,,155150000,,,,,,
20210409,0,0,0,0,2,0,0,2,3,0,0,3,0,0,1,1,0,0,0,0,0,0,0,0,3,0,0,0,2,0,0,2,2,2,2,2,0,0,0,,,,,3902857,78.63,76.61,78.24,14,21.143,0,0,148,241,1,,161121000,,,,,,
20210410,0,0,0,0,2,0,0,2,3,0,0,3,0,0,1,1,0,0,0,0,0,0,0,0,3,0,0,0,2,0,0,2,2,2,2,2,0,0,0,,,,,3970571,78.63,76.61,78.24,10,19.714,0,0,138,240,0.96,,164471000,,,,,,
20210411,0,0,0,2,1,0,2,1,1,2,2,1,2,2,1,1,2,2,2,0,0,2,2,2,1,0,0,2,2,0,2,2,2,2,2,2,2,0,0,0,,1,,3910429,78.63,76.61,78.24,16,17.286,0,0,121,244,0.95,,167343000,,,,,,
20210412,0,0,0,2,1,0,2,1,1,2,2,1,2,2,1,1,2,2,2,0,0,2,2,2,1,0,0,2,2,0,2,2,2,2,2,2,2,0,0,,,,,4160857,78.63,76.61,78.24,9,15.143,0,0,106,245,0.95,,171928000,,,,,,
20210413,0,0,0,2,1,0,2,1,1,2,2,1,2,2,1,1,2,2,2,0,0,2,2,2,1,0,0,2,2,0,2,2,2,2,2,2,2,0,0,,,,,4243286,78.63,76.61,78.24,12,15.143,0,0,106,246,0.95,,175623000,,,,,,
20210414,0,0,0,2,1,0,2,1,1,2,2,1,2,2,1,1,2,2,2,0,0,2,2,2,1,0,0,2,2,0,2,2,2,2,2,2,2,0,0,,,,,4306429,78.63,76.61,78.24,10,13.143,0,0,92,240,0.95,,179216000,,,,,,
20210415,0,0,0,2,1,0,2,1,1,2,2,1,2,2,1,1,2,2,2,0,0,2,2,2,1,0,0,2,2,0,2,2,2,2,2,2,2,0,0,,,,,4055143,78.63,76.61,78.24,11,11.714,0,0,82,242,0.98,,183536000,,,,,,
20210416,0,0,0,2,1,0,2,1,1,2,2,1,2,2,1,1,2,2,2,0,0,2,2,2,1,0,0,2,2,0,2,2,2,2,2,2,2,0,0,,,,,3748429,78.63,76.61,78.24,15,11.857,0,0,83,231,1.02,,187360000,,,,,,
20210417,0,0,0,2,1,0,2,1,1,2,2,1,2,2,1,1,2,2,2,0,0,2,2,2,1,0,0,2,2,0,2,2,2,2,2,2,2,0,0,,,,,3619714,78.63,76.61,78.24,16,12.714,0,0,89,227,1.05,,189809000,,,,,,
20210418,0,0,0,2,1,0,2,1,1,2,2,1,2,2,1,1,2,2,2,0,0,2,2,2,1,0,0,2,2,0,2,2,2,2,2,2,2,0,0,,,,,3540571,78.63,76.61,78.24,11,12,0,0,84,205,1.04,,192127000,,,,,,
20210419,0,0,0,2,1,0,2,1,1,2,2,1,2,2,1,1,2,2,2,0,0,2,2,2,1,0,0,2,2,0,2,2,2,2,2,2,2,0,0,,,,,3299143,78.63,76.61,78.24,10,12.143,0,0,85,191,0.98,,195022000,,,,,,
20210420,0,0,0,2,1,0,2,1,1,2,2,1,2,2,1,1,2,2,2,0,0,2,2,2,1,0,0,2,2,0,2,2,2,2,2,2,2,0,0,,,,,3332429,78.63,76.61,78.24,21,13.429,0,0,94,200,0.95,,198950000,,,,,,
20210421,0,0,0,2,1,0,2,1,1,2,2,1,2,2,1,1,2,2,2,0,0,2,2,2,1,0,0,2,2,0,2,2,2,2,2,2,2,0,0,,,,,3567857,78.63,76.61,78.24,6,12.857,0,0,90,182,0.9,,204191000,,,,,,
20210422,0,0,0,2,1,0,2,1,1,2,2,1,2,2,1,1,2,2,2,0,0,2,2,2,1,0,0,2,2,0,2,2,2,2,2,2,2,0,0,,,,,3955286,78.63,76.61,78.24,19,14,0,0,98,180,0.9,,211223000,,,,,,
20210423,0,0,0,2,1,0,2,1,1,2,2,1,2,2,1,1,2,2,2,0,0,2,2,2,1,0,0,2,2,0,2,2,2,2,2,2,2,0,0,,,,,4103429,78.63,76.61,78.24,9,13.143,0,0,92,175,0.86,,216084000,,,,,,
20210424,0,0,0,2,1,0,2,1,1,2,2,1,2,2,1,1,2,2,2,0,0,2,2,2,1,0,0,2,2,0,2,2,2,2,2,2,2,0,0,,,,,4357143,78.63,76.61,78.24,13,12.714,0,0,89,178,0.85,,220309000,,,,,,
20210425,0,0,0,2,1,0,2,1,1,2,2,1,2,2,1,1,2,2,2,0,0,2,2,2,1,0,0,2,2,0,2,2,2,2,2,2,2,0,0,,,,,4682000,78.63,76.61,78.24,11,12.714,0,0,89,173,0.85,,224901000,,,,,,
20210426,0,0,0,2,1,0,2,1,1,2,2,1,2,2,1,1,2,2,2,0,0,2,2,2,1,0,0,2,2,0,2,2,2,2,2,2,2,0,0,,,,,4923857,78.63,76.61,78.24,11,12.857,0,0,90,175,0.87,,229489000,,,,,,
20210427,0,0,0,2,1,0,2,1,1,2,2,1,2,2,1,1,2,2,2,0,0,2,2,2,1,0,0,2,2,0,2,2,2,2,2,2,2,0,0,,,,,5289429,78.63,76.61,78.24,12,11.571,0,0,81,175,0.91,,235976000,,,,,,
20210428,0,0,0,2,1,0,2,1,1,2,2,1,2,2,1,1,2,2,2,0,0,2,2,2,1,0,0,2,2,0,2,2,2,2,2,2,2,0,0,,,,,5673429,78.63,76.61,78.24,20,13.571,0,0,95,185,0.95,,243905000,,,,,,
20210429,0,0,0,2,1,0,2,1,1,2,2,1,2,2,1,1,2,2,2,0,0,2,2,2,1,0,0,2,2,0,2,2,2,2,2,2,2,0,0,,,,,6034286,78.63,76.61,78.24,13,12.714,0,0,89,187,0.94,,253463000,,,,,,
20210430,0,0,0,2,1,0,2,1,1,2,2,1,2,2,1,1,2,2,2,0,0,2,2,2,1,0,0,2,2,0,2,2,2,2,2,2,2,0,0,,,,,6997143,78.63,76.61,78.24,16,13.714,0,0,96,188,0.9,,265064000,,,,,,
20210501,0,0,0,2,1,0,2,1,1,2,2,1,2,2,1,1,2,2,2,0,0,2,2,2,1,0,0,2,2,0,2,2,2,2,2,2,2,0,0,,,,,7156714,78.63,76.61,78.24,15,14,0,0,98,187,0.87,,270406000,,,,,,
20210502,0,0,0,2,1,0,2,1,1,2,2,1,2,2,1,1,2,2,2,0,0,2,2,2,1,0,0,2,2,0,2,2,2,2,2,2,2,0,0,,,,,7205286,78.63,76.61,78.24,11,14,0,0,98,187,0.82,,275338000,,,,,,
20210503,0,0,0,2,1,0,2,1,1,2,2,1,2,2,1,1,2,2,2,0,0,2,2,2,1,0,0,2,2,0,2,2,2,2,2,2,2,0,0,,,,,7202286,78.63,76.61,78.24,17,14.857,0,0,104,194,0.81,,279905000,,,,,,
20210504,0,0,0,2,1,0,2,1,1,2,2,1,2,2,1,1,2,2,2,0,0,2,2,2,1,0,0,2,2,0,2,2,2,2,2,2,2,0,0,,,,,6945571,71.49,70.36,67.13,7,14.143,0,0,99,180,0.79,,284595000,,,,,,
20210505,0,0,0,2,1,0,2,1,1,2,2,1,2,2,1,1,2,2,2,0,0,2,2,2,1,0,0,2,2,0,2,2,2,2,2,2,2,0,0,,,,,6531714,71.49,70.36,67.13,5,12,0,0,84,179,0.79,,289627000,,,,,,
20210506,0,0,0,2,1,0,2,1,1,2,2,1,2,2,1,1,2,2,2,0,0,2,2,2,1,0,0,2,2,0,2,2,2,2,2,2,2,0,0,,,,,6324429,69.11,68.28,63.43,13,12,0,0,84,173,0.8,,297734000,,,,,,
20210507,0,0,0,2,1,0,2,1,1,2,2,1,2,2,1,1,2,2,2,0,0,2,2,2,1,0,0,2,2,0,2,2,2,2,2,2,2,0,0,,,,,6166000,69.11,68.28,63.43,7,10.714,0,0,75,171,0.81,,308226000,,,,,,
20210508,0,0,0,2,1,0,2,1,1,2,2,1,2,2,1,1,2,2,2,0,0,2,2,2,1,0,0,2,2,0,2,2,2,2,2,2,2,0,0,,,,,6740000,69.11,68.28,63.43,12,10.286,0,0,72,170,0.84,,317586000,,,,,,
20210509,0,0,0,2,1,0,2,1,1,2,2,1,2,2,1,1,2,2,2,0,0,2,2,2,1,0,0,2,2,0,2,2,2,2,2,2,2,0,0,,,,,6995571,69.11,68.28,63.43,11,10.286,0,0,72,170,0.86,,324307000,,,,,,
20210510,0,0,0,2,1,0,2,1,1,2,2,1,2,2,1,1,2,2,2,0,0,2,2,2,1,0,0,2,2,0,2,2,2,2,2,2,2,0,0,,,,,7579857,69.11,68.28,63.43,14,9.857,0,0,69,173,0.91,,332964000,,,,,,
20210511,0,0,0,2,1,0,2,1,1,2,2,1,2,2,1,1,2,2,2,0,0,2,2,2,1,0,0,2,2,0,2,2,2,2,2,2,2,0,0,,,,,8300286,69.11,68.28,63.43,16,11.143,0,0,78,177,0.94,,342697000,,,,,,
20210512,0,0,0,2,1,0,2,1,1,2,2,1,2,2,1,1,2,2,2,0,0,2,2,2,1,0,0,2,2,0,2,2,2,2,2,2,2,0,0,,,,,9235000,67.92,67.24,61.57,9,11.714,0,0,82,166,0.95,,354272000,,,,,,
20210513,0,0,0,2,1,0,2,1,1,2,2,1,2,2,1,1,2,2,2,0,0,2,2,2,1,0,0,2,2,0,2,2,2,2,2,2,2,0,0,,,,,9882286,67.92,67.24,61.57,7,10.857,0,0,76,160,0.98,,366910000,,,,,,
20210514,0,0,0,2,1,0,2,1,1,2,2,1,2,2,1,1,2,2,2,0,0,2,2,2,1,0,0,2,2,0,2,2,2,2,2,2,2,0,0,,,,1,10343857,71.49,70.36,67.13,14,11.857,0,0,83,158,1.04,,380633000,,,,,,
20210515,0,0,0,1,1,1,1,1,0,1,1,1,1,1,1,1,1,1,1,0,0,1,1,1,1,0,0,2,2,2,2,2,2,0,2,2,2,0,0,-1,,0,,10771571,71.49,70.36,67.13,18,12.714,0,0,89,161,1.1,,392987000,,,,,,
20210516,0,0,0,1,1,1,1,1,0,1,1,1,1,1,1,1,1,1,1,0,0,1,1,1,1,0,0,2,2,2,2,2,2,0,2,2,2,0,0,,,,,11804429,72.68,71.41,68.98,25,14.714,0,0,103,175,1.13,,406938000,,,,,,
20210517,0,0,0,1,1,1,1,1,0,1,1,1,1,1,1,1,1,1,1,0,0,1,1,1,1,0,0,2,2,2,2,2,2,0,2,2,2,0,0,,,,,12718143,72.68,71.41,68.98,22,15.857,0,0,111,180,1.11,,421991000,,,,,,
20210518,0,0,0,1,1,1,1,1,0,1,1,1,1,1,1,1,1,1,1,0,0,1,1,1,1,0,0,2,2,2,2,2,2,0,2,2,2,0,0,,,,,13284571,72.68,71.41,68.98,14,15.571,0,0,109,187,1.07,,435689000,,,,,,
20210519,0,0,0,1,1,1,1,1,0,1,1,1,1,1,1,1,1,1,1,0,0,1,1,1,1,0,0,2,2,2,2,2,2,0,2,2,2,0,0,,,,,13605571,72.68,71.41,68.98,12,16,0,0,112,194,1.05,,449511000,,,,,,
20210520,0,0,0,1,1,1,1,1,0,1,1,1,1,1,1,1,1,1,1,0,0,1,1,1,1,0,0,2,2,2,2,2,2,0,2,2,2,0,0,,,,,14255429,72.68,71.41,68.98,24,18.429,0,0,129,205,1.06,,466698000,,,,,,
20210521,0,0,0,1,1,1,1,1,0,1,1,1,1,1,1,1,1,1,1,0,0,1,1,1,1,0,0,2,2,2,2,2,2,0,2,2,2,0,0,,,,,14672857,72.68,71.41,68.98,10,17.857,0,0,125,208,1.02,,483343000,,,,,,
20210522,0,0,0,1,1,1,1,1,0,1,1,1,1,1,1,1,1,1,1,0,0,1,1,1,1,0,0,2,2,2,2,2,2,0,2,2,2,0,0,,,,,14897857,72.68,71.41,68.98,19,18,0,0,126,215,1.02,,497272000,,,,,,
20210523,0,0,0,1,1,1,1,1,0,1,1,1,1,1,1,1,1,1,1,0,0,1,1,1,1,0,0,2,2,2,2,2,2,0,2,2,2,0,0,,,,,14845714,72.68,71.41,68.98,18,17,0,0,119,222,1.01,,510858000,,,,,,
20210524,0,0,0,1,1,1,1,1,0,1,1,1,1,1,1,1,1,1,1,0,0,1,1,1,1,0,0,2,2,2,2,2,2,0,2,2,2,0,0,,,,,15037429,72.68,71.41,68.98,15,16,0,0,112,223,1,,527253000,,,,,,
20210525,0,0,0,1,1,1,1,1,0,1,1,1,1,1,1,1,1,1,1,0,0,1,1,1,1,0,0,2,2,2,2,2,2,0,2,2,2,0,0,,,,,15860714,72.68,71.41,68.98,13,15.857,0,0,111,220,1.01,,546714000,,,,,,
20210526,0,0,0,1,1,1,1,1,0,1,1,1,1,1,1,1,1,1,1,0,0,1,1,1,1,0,0,2,2,2,2,2,2,0,2,2,2,0,0,,,,,16744571,72.68,71.41,68.98,19,16.857,0,0,118,230,1.02,,566723000,,,,,,
20210527,0,0,0,1,1,1,1,1,0,1,1,1,1,1,1,1,1,1,1,0,0,1,1,1,1,0,0,2,2,2,2,2,2,0,2,2,2,0,0,,,,,16808857,72.68,71.41,68.98,7,14.429,0,0,101,230,1.01,,584360000,,,,,,
20210528,0,0,0,1,1,1,1,1,0,1,1,1,1,1,1,1,1,1,1,0,0,1,1,1,1,0,0,2,2,2,2,2,2,0,2,2,2,0,0,,,,,17092571,72.68,71.41,68.98,16,15.286,0,0,107,232,1.05,,602991000,,,,,,
20210529,0,0,0,1,1,1,1,1,0,1,1,1,1,1,1,1,1,1,1,0,0,1,1,1,1,0,0,2,2,2,2,2,2,0,2,2,2,0,0,,,,,17671714,70.89,69.84,66.2,11,14.143,0,0,99,225,1.11,,620974000,,,,,,
20210530,0,0,0,1,1,1,1,1,0,1,1,1,1,1,1,1,1,1,1,0,0,1,1,1,1,0,0,2,2,2,2,2,2,0,2,2,2,0,0,,,,,18330571,70.89,69.84,66.2,27,15.429,0,0,108,227,1.2,,639172000,,,,,,
20210531,0,0,0,1,1,1,1,1,0,1,1,1,1,1,1,1,1,1,1,0,0,1,1,1,1,0,0,2,2,2,2,2,2,0,2,2,2,0,0,,,,,19173571,70.89,69.84,66.2,23,16.571,0,0,116,228,1.25,,661468000,,,,,,
20210601,0,0,0,1,1,1,1,1,0,1,1,1,1,1,1,1,1,1,1,0,0,1,1,1,1,0,0,2,2,2,2,2,2,0,2,2,2,0,0,,,,,19313429,66.13,65.68,66.2,24,18.143,0,0,127,238,1.28,,681908000,,,,,,
20210602,0,0,0,1,1,1,1,1,0,1,1,1,1,1,1,1,1,1,1,0,0,1,1,1,1,0,0,2,2,2,2,2,2,0,2,2,2,0,0,,,,,19729000,68.81,68.02,66.2,24,18.857,0,0,132,250,1.27,,704826000,,,,,,
20210603,0,0,0,1,1,1,1,1,0,1,1,1,1,1,1,1,1,1,1,0,0,1,1,1,1,0,0,2,2,2,2,2,2,0,2,2,2,0,0,,,,,19875143,68.81,68.02,66.2,24,21.286,0,0,149,250,1.25,,723486000,,,,,,
20210604,0,0,0,1,1,1,1,1,0,1,1,1,1,1,1,1,1,1,1,0,0,1,1,1,1,0,0,2,2,2,2,2,2,0,2,2,2,0,0,,,,,20213143,68.81,68.02,66.2,24,22.429,0,0,157,264,1.23,,744483000,,,,,,
20210605,0,0,0,1,1,1,1,1,0,1,1,1,1,1,1,1,1,1,1,0,0,1,1,1,1,0,0,2,2,2,2,2,2,0,2,2,2,0,0,,,,,20298714,68.81,68.02,66.2,30,25.143,0,0,176,275,1.23,,763065000,,,,,,
20210606,0,0,0,1,1,1,1,1,0,1,1,1,1,1,1,1,1,1,1,0,0,1,1,1,1,0,0,2,2,2,2,2,2,0,2,2,2,0,0,,,,,19815286,68.81,68.02,66.2,19,24,0,0,168,276,1.2,,777879000,,,,,,
20210607,0,0,0,1,1,1,1,1,0,1,1,1,1,1,1,1,1,1,1,0,0,1,1,1,1,0,0,2,2,2,2,2,2,0,2,2,2,0,0,,,,,18952286,68.81,68.02,66.2,33,25.429,0,0,178,294,1.19,,794134000,,,,,,
20210608,0,0,0,1,1,1,1,1,0,1,1,1,1,1,1,1,1,1,1,0,0,1,1,1,1,0,0,2,2,2,2,2,2,0,2,2,2,0,0,,,,,18150571,68.81,68.02,66.2,16,24.286,0,0,170,297,1.14,,808962000,,,,,,
20210609,0,0,0,1,1,1,1,1,0,1,1,1,1,1,1,1,1,1,1,0,0,1,1,1,1,0,0,2,2,2,2,2,2,0,2,2,2,0,0,,,,,17147143,68.81,68.02,66.2,21,23.857,0,0,167,299,1.13,,824856000,,,,,,
20210610,0,0,0,1,1,1,1,1,0,1,1,1,1,1,1,1,1,1,1,0,0,1,1,1,1,0,0,2,2,2,2,2,2,0,2,2,2,0,0,,,,,17401857,68.81,68.02,66.2,22,23.571,0,0,165,314,1.11,,845299000,622000000,,,43.07,,
20210611,0,0,0,1,1,1,1,1,0,1,1,1,1,1,1,1,1,1,1,0,0,1,1,1,1,0,0,2,2,2,2,2,2,0,2,2,2,0,0,,,,,17004286,71.19,70.1,69.91,35,25.143,0,0,176,333,1.11,5850649,863513000,,,,,,
20210612,0,0,0,1,1,1,1,1,0,1,1,1,1,1,1,1,1,1,1,0,0,1,1,1,1,0,0,2,2,2,2,2,2,0,2,2,2,0,0,,,,,16494000,71.19,70.1,69.91,34,25.714,0,0,180,356,1.08,5850649,878523000,,,,,,
20210613,0,0,0,1,1,1,1,1,0,1,1,1,1,1,1,1,1,1,1,0,0,1,1,1,1,0,0,2,2,2,2,2,2,0,2,2,2,0,0,,,,,16413000,71.19,70.1,69.91,23,26.286,0,0,184,352,1.02,5850649,892770000,,,,,,
20210614,0,0,0,1,1,1,1,1,0,1,1,1,1,1,1,1,1,1,1,0,0,1,1,1,1,0,0,2,2,2,2,2,2,0,2,2,2,0,0,,,,,15714286,71.19,70.1,69.91,20,24.429,0,0,171,349,0.98,5850649,904134000,,,,,,
20210615,0,0,0,1,1,1,1,1,0,1,1,1,1,1,1,1,1,1,1,0,0,1,1,1,1,0,0,2,2,2,2,2,2,0,2,2,2,0,0,,,,,16421143,76.55,74.79,78.24,21,25.143,0,0,176,346,0.98,5850649,923910000,,,,,,
20210616,0,0,0,1,1,1,1,1,0,1,1,1,1,1,1,1,1,1,1,0,0,1,1,1,1,0,0,2,2,2,2,2,2,0,2,2,2,0,0,,,,,17184857,76.55,74.79,78.24,19,24.857,0,0,174,341,0.98,5850649,945150000,,,,,,
20210617,0,0,0,1,1,1,1,1,0,1,1,1,1,1,1,1,1,1,1,0,0,1,1,1,1,0,0,2,2,2,2,2,2,0,2,2,2,0,0,,,,,17336143,76.55,74.79,78.24,23,25,0,0,175,340,0.99,5850649,966652000,,,,,,
20210618,0,0,0,1,1,1,1,1,0,1,1,1,1,1,1,1,1,1,1,0,0,1,1,1,1,0,0,2,2,2,2,2,2,0,2,2,2,0,0,,,,,18106286,76.55,74.79,78.24,30,24.286,0,0,170,346,1,5850649,990257000,,,,,,
20210619,0,0,0,1,1,1,1,1,0,1,1,1,1,1,1,1,1,1,1,0,0,1,1,1,1,0,0,2,2,2,2,2,2,0,2,2,2,0,0,,,,,18852286,76.55,74.79,78.24,23,22.714,0,0,159,339,0.99,5850649,1010489000,,,,,,
20210620,0,0,0,1,1,1,1,1,0,1,1,1,1,1,1,1,1,1,1,0,0,1,1,1,1,0,0,2,2,2,2,2,2,0,2,2,2,0,0,,,,,19493286,76.55,74.79,78.24,17,21.857,0,0,153,337,0.97,5850649,1029223000,,,,,,
20210621,0,0,0,1,1,1,1,1,0,1,1,1,1,1,1,1,1,1,1,0,0,1,1,1,1,0,0,2,2,2,2,2,2,0,2,2,2,0,0,,,,,20801429,76.55,74.79,78.24,25,22.571,0,0,158,329,0.99,5850649,1049744000,,,,,,
20210622,0,0,0,1,1,1,1,1,0,1,1,1,1,1,1,1,1,1,1,0,0,1,1,1,1,0,0,2,2,2,2,2,2,0,2,2,2,0,0,,,,,21124714,76.55,74.79,78.24,24,23,0,0,161,337,1,5850649,1071783000,,,,,,
20210623,0,0,0,1,1,1,1,1,0,1,1,1,1,1,1,1,1,1,1,0,0,1,1,1,1,0,0,2,2,2,2,2,2,0,2,2,2,0,0,,,,,21536000,76.55,74.79,78.24,16,22.571,0,0,158,332,0.99,5850649,1095902000,,,,,,
20210624,0,0,0,1,1,1,1,1,0,1,1,1,1,1,1,1,1,1,1,0,0,1,1,1,1,0,0,2,2,2,2,2,2,0,2,2,2,0,0,,,,,21998714,71.49,70.36,74.54,24,22.714,0,0,159,334,0.99,5850649,1120643000,,,,,,
20210625,0,0,0,1,1,1,1,1,0,1,1,1,1,1,1,1,1,1,1,0,0,1,1,1,1,0,0,2,2,2,2,2,2,0,2,2,2,0,0,,,,,21935429,71.49,70.36,74.54,25,22,0,0,154,324,0.97,5850649,1143805000,,,,,,
20210626,0,0,0,1,1,1,1,1,0,1,1,1,1,1,1,1,1,1,1,0,0,1,1,1,1,0,0,2,2,2,2,2,2,0,2,2,2,0,0,,,,,22105857,71.49,70.36,74.54,14,20.714,0,0,145,304,0.94,5850649,1165230000,,,,,,
20210627,0,0,0,1,1,1,1,1,0,1,1,1,1,1,1,1,1,1,1,0,0,1,1,1,1,0,0,2,2,2,2,2,2,0,2,2,2,0,0,,,,,22366286,71.49,70.36,74.54,22,21.429,0,0,150,303,0.92,5850649,1185787000,,,,,,
20210628,0,0,0,1,1,1,1,1,0,1,1,1,1,1,1,1,1,1,1,0,0,1,1,1,1,0,0,2,2,2,2,2,2,0,2,2,2,0,0,,5,,,22424286,72.92,71.61,74.54,17,20.286,0,0,142,300,0.9,5850649,1206714000,,,,,,
20210629,0,0,0,1,1,1,1,1,0,1,1,1,1,1,1,1,1,1,1,0,0,1,1,1,1,0,0,2,2,2,2,2,2,0,2,2,2,0,0,,,,,21993000,72.92,71.61,74.54,9,18.143,0,0,127,288,0.9,5850649,1225734000,,,,,,
20210630,0,0,0,1,1,1,1,1,0,1,1,1,1,1,1,1,1,1,1,0,0,1,1,1,1,0,0,2,2,2,2,2,2,0,2,2,2,0,0,,,,,21253286,72.92,71.61,74.54,12,17.571,0,0,123,281,0.94,5850649,1244675000,,,,,,
20210701,0,1,1,5,3,24,26,3,0,30,28,2,14,13,2,2,4,15,16,0,29,18,3,2,17,0,2,2,2,2,2,2,2,0,2,2,2,0,2,1,,1,,20500857,72.92,71.61,74.54,18,16.714,0,0,117,276,1,5850649,1264149000,,,,,,
20210702,0,1,1,5,3,24,26,3,0,30,28,2,14,13,2,2,4,15,16,0,29,18,3,2,17,0,2,2,2,2,2,2,2,0,2,2,2,0,2,,,,,19910000,69.35,68.49,68.98,23,16.429,0,0,115,269,1.06,5850649,1283175000,,,,,,
20210703,0,1,1,5,3,24,26,3,0,30,28,2,14,13,2,2,4,15,16,0,29,18,3,2,17,0,2,2,2,2,2,2,2,0,2,2,2,0,2,,,,,18686714,69.35,68.49,68.98,14,16.429,0,0,115,260,1.07,5850649,1296037000,,,,,,
20210704,0,1,1,5,3,24,26,3,0,30,28,2,14,13,2,2,4,15,16,0,29,18,3,2,17,0,2,2,2,2,2,2,2,0,2,2,2,0,2,,,,,17101714,69.35,68.49,68.98,22,16.429,0,0,115,265,1.1,5850649,1305499000,,,,,,
20210705,0,1,1,5,3,24,26,3,0,30,28,2,14,13,2,2,4,15,16,0,29,18,3,2,17,0,2,2,2,2,2,2,2,0,2,2,2,0,2,,,,,15957571,69.35,68.49,68.98,23,17.286,0,0,121,263,1.15,5850649,1318417000,,,,,,
20210706,0,1,1,5,3,24,26,3,0,30,28,2,14,13,2,2,4,15,16,0,29,18,3,2,17,0,2,2,2,2,2,2,2,0,2,2,2,0,2,,,,,15133571,69.35,68.49,68.98,57,24.143,0,0,169,296,1.22,5850649,1331669000,,,,,,
20210707,0,1,1,5,3,24,26,3,0,30,28,2,14,13,2,2,4,15,16,0,29,18,3,2,17,0,2,2,2,2,2,2,2,0,2,2,2,0,2,,,,,13958000,77.68,75.78,81.94,17,24.857,0,0,174,297,1.15,5850649,1342381000,,,,,,
20210708,0,1,1,5,3,24,26,3,0,30,28,2,14,13,2,2,4,15,16,0,29,18,3,2,17,0,2,2,2,2,2,2,2,0,2,2,2,0,2,,,,,12868143,77.68,75.78,81.94,23,25.571,0,0,179,296,1.12,5850649,1354226000,,,,,,
20210709,0,1,1,5,3,24,26,3,0,30,28,2,14,13,2,2,4,15,16,0,29,18,3,2,17,0,2,2,2,2,2,2,2,0,2,2,2,0,2,,,,,11755429,77.68,75.78,81.94,26,26,0,0,182,297,1.1,5850649,1365463000,,,,,,
20210710,0,1,1,5,3,24,26,3,0,30,28,2,14,13,2,2,4,15,16,0,29,18,3,2,17,0,2,2,2,2,2,2,2,0,2,2,2,0,2,,,,,11160714,77.68,75.78,81.94,0,24,0,0,168,283,1.09,5850649,1374162000,,,,,,
20210711,0,1,1,5,3,24,26,3,0,30,28,2,14,13,2,2,4,15,16,0,29,18,3,2,17,0,2,2,2,2,2,2,2,0,2,2,2,0,2,,,,,10997571,77.68,75.78,81.94,51,28.143,0,0,197,312,1.17,5850649,1382482000,,,,,,
20210712,0,1,1,5,3,24,26,3,0,30,28,2,14,13,2,2,4,15,16,0,29,18,3,2,17,0,2,2,2,2,2,2,2,0,2,2,2,0,2,,,,,10430714,77.68,75.78,81.94,29,29,0,0,203,324,1.16,5850649,1391432000,,,,,,
20210713,0,1,1,5,3,24,26,3,0,30,28,2,14,13,2,2,4,15,16,0,29,18,3,2,17,0,2,2,2,2,2,2,2,0,2,2,2,0,2,,,,,10050000,77.68,75.78,81.94,24,24.286,0,0,170,339,1.17,5850649,1402019000,,,,,,
20210714,0,1,1,5,3,24,26,3,0,30,28,2,14,13,2,2,4,15,16,0,29,18,3,2,17,0,2,2,2,2,2,2,2,0,2,2,2,0,2,,,,,10318286,77.68,75.78,81.94,28,25.857,0,0,181,355,1.2,5850649,1414609000,,,,,,
20210715,0,1,1,5,3,24,26,3,0,30,28,2,14,13,2,2,4,15,16,0,29,18,3,2,17,0,2,2,2,2,2,2,2,0,2,2,2,0,2,,,,,10303000,77.68,75.78,81.94,36,27.714,0,0,194,373,1.22,5850649,1426347000,,,,,,
20210716,0,1,1,5,3,24,26,3,0,30,28,2,14,13,2,2,4,15,16,0,29,18,3,2,17,0,2,2,2,2,2,2,2,0,2,2,2,0,2,,,,,10308571,77.68,75.78,81.94,30,28.286,0,0,198,380,1.24,5850649,1437623000,,,,,,
20210717,0,1,1,5,3,24,26,3,0,30,28,2,14,13,2,2,4,15,16,0,29,18,3,2,17,0,2,2,2,2,2,2,2,0,2,2,2,0,2,,,,1,10466429,77.68,75.78,81.94,33,33,0,0,231,399,1.27,5850649,1447427000,,,,,,
20210718,0,1,1,5,3,24,26,3,0,30,28,2,14,13,2,2,4,15,16,0,29,18,3,2,17,0,2,2,2,2,2,2,2,0,2,2,2,0,2,,,,,10582143,77.68,75.78,81.94,31,30.143,0,0,211,408,1.31,5850649,1456557000,,,,,,
20210719,0,1,1,5,3,24,26,3,0,30,28,2,14,13,2,2,4,15,16,0,29,18,3,2,17,0,2,2,2,2,2,2,2,0,2,2,2,0,2,,,,,10840571,77.68,75.78,81.94,65,35.286,0,0,247,450,1.37,5850649,1467316000,,,,,,
20210720,0,1,1,5,3,24,26,3,0,30,28,2,14,13,2,2,4,15,16,0,29,18,3,2,17,0,2,2,2,2,2,2,2,0,2,2,2,0,2,,,,,10923571,76.49,74.74,70.83,0,31.857,0,0,223,393,1.37,5850649,1478484000,,,,,,
20210721,0,1,1,5,3,24,26,3,0,30,28,2,14,13,2,2,4,15,16,0,29,18,3,2,17,0,2,2,2,2,2,2,2,0,2,2,2,0,2,,,,,10999429,76.49,74.74,70.83,72,38.143,0,0,267,448,1.48,5850649,1491605000,,,,,,
20210722,0,1,1,5,3,24,26,3,0,30,28,2,14,13,2,2,4,15,16,0,29,18,3,2,17,0,2,2,2,2,2,2,2,0,2,2,2,0,2,,,,,11608286,76.49,74.74,70.83,48,39.857,0,0,279,473,1.49,5850649,1507605000,,,,,,
20210723,0,4,3,2,2,3,2,2,0,2,2,1,2,1,1,1,1,2,1,0,4,2,2,1,3,0,2,2,2,2,2,2,2,0,2,2,2,0,2,-1,,1,,12467714,76.49,74.74,70.83,72,45.857,3,0.429,321,519,1.51,5850649,1524897000,,,,,,
20210724,0,4,3,2,2,3,2,2,0,2,2,1,2,1,1,1,1,2,1,0,4,2,2,1,3,0,2,2,2,2,2,2,2,0,2,2,2,0,2,,,,,13040000,76.49,74.74,70.83,0,,,,,,1.49,5850649,1538707000,,,,,,
20210725,0,4,3,2,2,3,2,2,0,2,2,1,2,1,1,1,1,2,1,0,4,2,2,1,3,0,2,2,2,2,2,2,2,0,2,2,2,0,2,,,,,13387286,76.49,74.74,70.83,76,,0,,,,1.48,5850649,1550268000,,,,,,
20210726,0,4,3,2,2,3,2,2,0,2,2,1,2,1,1,1,1,2,1,0,4,2,2,1,3,0,2,2,2,2,2,2,2,0,2,2,2,0,2,,,,,14079429,76.49,74.74,70.83,71,,0,,,,1.46,5850649,1565872000,,,,,,
20210727,0,4,3,2,2,3,2,2,0,2,2,1,2,1,1,1,1,2,1,0,4,2,2,1,3,0,2,2,2,2,2,2,2,0,2,2,2,0,2,,,,,14982429,76.49,74.74,70.83,86,,0,,,,1.45,5850649,1583361000,,,,,,
20210728,0,4,3,2,2,3,2,2,0,2,2,1,2,1,1,1,1,2,1,0,4,2,2,1,3,0,2,2,2,2,2,2,2,0,2,2,2,0,2,,,,,15663429,76.49,74.74,70.83,49,,0,,,,1.39,5850649,1601249000,,,,,,
20210729,0,4,3,2,2,3,2,2,0,2,2,1,2,1,1,1,1,2,1,0,4,2,2,1,3,0,2,2,2,2,2,2,2,0,2,2,2,0,2,,,,,15944714,76.49,74.74,70.83,66,,0,,,,1.37,5850649,1619218000,,,,,,
20210730,0,4,3,2,2,3,2,2,0,2,2,1,2,1,1,1,1,2,1,0,4,2,2,1,3,0,2,2,2,2,2,2,2,0,2,2,2,0,2,,,,,16071143,76.49,74.74,70.83,53,,0,,,,1.36,5850649,1637395000,,,,,,
20210731,0,4,3,2,2,3,2,2,0,2,2,1,2,1,1,1,1,2,1,0,4,2,2,1,3,0,2,2,2,2,2,2,2,0,2,2,2,0,2,,,,,16301714,76.49,74.74,70.83,77,68.286,0,0,478,,1.38,5850649,1652819000,,,,,,
20210801,0,4,3,2,2,3,2,2,0,2,2,1,2,1,1,1,1,2,1,0,4,2,2,1,3,0,2,2,2,2,2,2,2,0,2,2,2,0,2,,,,,17037000,76.49,74.74,70.83,96,71.143,0,0,498,,1.39,5850649,1669527000,,,,,,
20210802,0,4,3,2,2,3,2,2,0,2,2,1,2,1,1,1,1,2,1,0,4,2,2,1,3,0,2,2,2,2,2,2,2,0,2,2,2,0,2,,,,,17544429,76.49,74.74,70.83,90,73.857,0,0,517,,1.39,5850649,1688683000,,,,,,
20210803,0,4,3,2,2,3,2,2,0,2,2,1,2,1,1,1,1,2,1,0,4,2,2,1,3,0,2,2,2,2,2,2,2,0,2,2,2,0,2,,,,,17856429,76.49,74.74,70.83,96,75.286,0,0,527,,1.39,5850649,1708356000,,,,,,
20210804,0,4,3,2,2,3,2,2,0,2,2,1,2,1,1,1,1,2,1,0,4,2,2,1,3,0,2,2,2,2,2,2,2,0,2,2,2,0,2,,,,,17853429,76.49,74.74,70.83,85,80.429,0,0,563,,1.37,5850649,1726223000,,,,,,
20210805,0,4,3,2,2,3,2,2,0,2,2,1,2,1,1,1,1,2,1,0,4,2,2,1,3,0,2,2,2,2,2,2,2,0,2,2,2,0,2,,,,,17513429,76.49,74.74,70.83,124,88.714,0,0,621,,1.36,5850649,1741812000,,,,,,
20210806,0,4,3,2,2,3,2,2,0,2,2,1,2,1,1,1,1,2,1,0,4,2,2,1,3,0,2,2,2,2,2,2,2,0,2,2,2,0,2,,,,,17197857,76.49,74.74,70.83,107,96.429,0,0,675,,1.32,5850649,1757780000,,,,,,
20210807,0,4,3,2,2,3,2,2,0,2,2,1,2,1,1,1,1,2,1,0,4,2,2,1,3,0,2,2,2,2,2,2,2,0,2,2,2,0,2,,,,,16783571,76.49,74.74,70.83,96,99.143,0,0,694,1172,1.27,5850649,1770304000,,,,,,
20210808,0,4,3,2,2,3,2,2,0,2,2,1,2,1,1,1,1,2,1,0,4,2,2,1,3,0,2,2,2,2,2,2,2,0,2,2,2,0,2,,,,,16142571,76.49,74.74,70.83,125,103.286,0,0,723,1221,1.22,5850649,1782525000,,,,,,
20210809,0,4,3,2,2,3,2,2,0,2,2,1,2,1,1,1,1,2,1,0,4,2,2,1,3,0,2,2,2,2,2,2,2,0,2,2,2,0,2,,,,,15195143,76.49,74.74,70.83,143,110.857,0,0,776,1293,1.17,5850649,1795049000,,,,,,
20210810,0,4,3,2,2,3,2,2,0,2,2,1,2,1,1,1,1,2,1,0,4,2,2,1,3,0,2,2,2,2,2,2,2,0,2,2,2,0,2,,,,,14248000,76.49,74.74,70.83,111,113,0,0,791,1318,1.09,5850649,1808092000,,,,,,
20210811,0,4,3,2,2,3,2,2,0,2,2,1,2,1,1,1,1,2,1,0,4,2,2,1,3,0,2,2,2,2,2,2,2,0,2,2,2,0,2,,,,,13430714,76.49,74.74,70.83,81,112.429,0,0,787,1350,1,5850649,1820238000,,,,,,
20210812,0,4,3,2,2,3,2,2,0,2,2,1,2,1,1,1,1,2,1,0,4,2,2,1,3,0,2,2,2,2,2,2,2,0,2,2,2,0,2,,,,,12948286,76.49,74.74,70.83,99,108.857,0,0,762,1383,0.92,5850649,1832450000,,777046000,,,53.8,
20210813,0,4,3,2,2,3,2,2,0,2,2,1,2,1,1,1,1,2,1,0,4,2,2,1,3,0,2,2,2,2,2,2,2,0,2,2,2,0,2,,,,,12371714,76.49,74.74,70.83,66,103,0,0,721,1396,0.84,5850649,1844382000,,,,,,
20210814,0,4,3,2,2,3,2,2,0,2,2,1,2,1,1,1,1,2,1,0,4,2,2,1,3,0,2,2,2,2,2,2,2,0,2,2,2,0,2,,,,,11933571,76.49,74.74,70.83,53,96.857,0,0,678,1372,0.76,5850649,1853839000,,,,,,
20210815,0,4,3,2,2,3,2,2,0,2,2,1,2,1,1,1,1,2,1,0,4,2,2,1,3,0,2,2,2,2,2,2,2,0,2,2,2,0,2,,,,,11486143,76.49,74.74,70.83,51,86.286,0,0,604,1327,0.69,5850649,1862928000,,,,,,
20210816,0,4,3,2,2,3,2,2,0,2,2,1,2,1,1,1,1,2,1,0,4,2,2,1,3,0,2,2,2,2,2,2,2,0,2,2,2,0,2,,,,,11474571,76.49,74.74,70.83,42,71.857,0,0,503,1279,0.65,5850649,1875371000,,,,,,
20210817,0,4,3,2,2,3,2,2,0,2,2,1,2,1,1,1,1,2,1,0,4,2,2,1,3,0,2,2,2,2,2,2,2,0,2,2,2,0,2,,,,,11311571,76.49,74.74,70.83,28,60,0,0,420,1211,0.63,5850649,1887273000,,,,,,
20210818,0,4,3,2,2,3,2,2,0,2,2,1,2,1,1,1,1,2,1,0,4,2,2,1,3,0,2,2,2,2,2,2,2,0,2,2,2,0,2,,,,,11412714,76.49,74.74,70.83,46,55,0,0,385,1172,0.62,5850649,1900127000,,,,,,
20210819,0,4,3,2,2,3,2,2,0,2,2,1,2,1,1,1,1,2,1,0,4,2,2,1,3,0,2,2,2,2,2,2,2,0,2,2,2,0,2,,,,,11424143,76.49,74.74,70.83,33,45.571,0,0,319,1081,0.61,5850649,1912419000,,,,,,
20210820,0,4,3,2,2,3,2,2,0,2,2,1,2,1,1,1,1,2,1,0,4,2,2,1,3,0,2,2,2,2,2,2,2,0,2,2,2,0,2,,,,,11429714,76.49,74.74,70.83,20,39,0,0,273,994,0.6,5850649,1924390000,,,,,,
20210821,0,4,3,2,2,3,2,2,0,2,2,1,2,1,1,1,1,2,1,0,4,2,2,1,3,0,2,2,2,2,2,2,2,0,2,2,2,0,2,,,,,11718571,76.49,74.74,70.83,32,36,0,0,252,930,0.61,5850649,1935869000,,,,,,
20210822,0,4,3,2,2,3,2,2,0,2,2,1,2,1,1,1,1,2,1,0,4,2,2,1,3,0,2,2,2,2,2,2,2,0,2,2,2,0,2,,,,,12003714,76.49,74.74,70.83,21,31.714,0,0,222,826,0.62,5850649,1946954000,,,,,,
20210823,0,4,3,2,2,3,2,2,0,2,2,1,2,1,1,1,1,2,1,0,4,2,2,1,3,0,2,2,2,2,2,2,2,0,2,2,2,0,2,,,,,12360286,76.49,74.74,70.83,35,30.714,0,0,215,718,0.64,5850649,1961893000,,,,,,
20210824,0,4,3,2,2,3,2,2,0,2,2,1,2,1,1,1,1,2,1,0,4,2,2,1,3,0,2,2,2,2,2,2,2,0,2,2,2,0,2,,,,,12637857,76.49,74.74,70.83,20,29.571,0,0,207,627,0.67,5850649,1975738000,,,,,,
20210825,0,4,3,2,2,3,2,2,0,2,2,1,2,1,1,1,1,2,1,0,4,2,2,1,3,0,2,2,2,2,2,2,2,0,2,2,2,0,2,,,,,12615143,76.49,74.74,70.83,26,26.714,0,0,187,572,0.71,5850649,1988433000,,,,,,
20210826,0,4,3,2,2,3,2,2,0,2,2,1,2,1,1,1,1,2,1,0,4,2,2,1,3,0,2,2,2,2,2,2,2,0,2,2,2,0,2,,,,,13070714,76.49,74.74,70.83,32,26.571,0,0,186,505,0.74,5850649,2003914000,1072500000,889439000,,74.26,61.59,
20210827,0,4,3,2,2,3,2,2,0,2,2,1,2,1,1,1,1,2,1,0,4,2,2,1,3,0,2,2,2,2,2,2,2,0,2,2,2,0,2,,,,,13594143,76.49,74.74,70.83,21,26.714,0,0,187,460,0.77,5307050,2019549000,,,,,,
20210828,0,4,3,2,2,3,2,2,0,2,2,1,2,1,1,1,1,2,1,0,4,2,2,1,3,0,2,2,2,2,2,2,2,0,2,2,2,0,2,,,,,13866429,76.49,74.74,70.83,33,26.857,0,0,188,440,0.79,4763451,2032934000,,,,,,
20210829,0,4,3,2,2,3,2,2,0,2,2,1,2,1,1,1,1,2,1,0,4,2,2,1,3,0,2,2,2,2,2,2,2,0,2,2,2,0,2,,,,,13953000,76.49,74.74,70.83,23,27.143,0,0,190,412,0.78,4219852,2044625000,,,,,,
20210830,0,4,3,2,2,3,2,2,0,2,2,1,2,1,1,1,1,2,1,0,4,2,2,1,3,0,2,2,2,2,2,2,2,0,2,2,2,0,2,,,,,13439000,76.49,74.74,70.83,37,27.429,0,0,192,407,0.79,3676252,2055966000,,,,,,
20210831,0,4,3,2,2,3,2,2,0,2,2,1,2,1,1,1,1,2,1,0,4,2,2,1,3,0,2,2,2,2,2,2,2,0,2,2,2,0,2,,,,,13121571,76.49,74.74,70.83,19,27.286,0,0,191,398,0.79,3132653,2067589000,,,,,,
20210901,0,4,3,2,2,3,2,2,0,2,2,1,2,1,1,1,1,2,1,0,4,2,2,1,3,0,2,2,2,2,2,2,2,0,2,2,2,0,2,,,,,12570714,76.49,74.74,70.83,28,27.571,0,0,193,380,0.81,2589054,2076428000,,,,,,
20210902,0,4,3,2,2,3,2,2,0,2,2,1,2,1,1,1,1,2,1,0,4,2,2,1,3,0,2,2,2,2,2,2,2,0,2,2,2,0,2,,,,,11533714,76.49,74.74,70.83,28,27,0,0,189,375,0.83,2045455,2084650000,,,,,,
20210903,0,4,3,2,2,3,2,2,0,2,2,1,2,1,1,1,1,2,1,0,4,2,2,1,3,0,2,2,2,2,2,2,2,0,2,2,2,0,2,,,,,10375000,76.49,74.74,70.83,28,28,0,0,196,383,0.86,2045455,2092174000,,,,,,
20210904,0,4,3,2,2,3,2,2,0,2,2,1,2,1,1,1,1,2,1,0,4,2,2,1,3,0,2,2,2,2,2,2,2,0,2,2,2,0,2,,,,,9636143,76.49,74.74,70.83,28,27.286,0,0,191,379,0.88,2045455,2100387000,,,,,,
20210905,0,4,3,2,2,3,2,2,0,2,2,1,2,1,1,1,1,2,1,0,4,2,2,1,3,0,2,2,2,2,2,2,2,0,2,2,2,0,2,,,,,8974286,76.49,74.74,70.83,18,26.571,0,0,186,376,0.91,2045455,2107445000,,,,,,
20210906,0,4,3,2,2,3,2,2,0,2,2,1,2,1,1,1,1,2,1,0,4,2,2,1,3,0,2,2,2,2,2,2,2,0,2,2,2,0,2,,,,,8159571,76.49,74.74,70.83,36,26.429,0,0,185,377,0.95,2045455,2113083000,1095000000,969720000,,75.82,67.15,
20210907,0,4,3,2,2,3,2,2,0,2,2,1,2,1,1,1,1,2,1,0,4,2,2,1,3,0,2,2,2,2,2,2,2,0,2,2,2,0,2,,,,,7348000,76.49,74.74,70.83,19,26.429,0,0,185,376,0.99,1822794,2119025000,,,,,,
20210908,0,4,3,2,2,3,2,2,0,2,2,1,2,1,1,1,1,2,1,0,4,2,2,1,3,0,2,2,2,2,2,2,2,0,2,2,2,0,2,,,,,6879143,76.49,74.74,70.83,28,26.429,0,0,185,378,1.04,1600134,2124582000,,,,,,
20210909,0,4,3,2,2,3,2,2,0,2,2,1,2,1,1,1,1,2,1,0,4,2,2,1,3,0,2,2,2,2,2,2,2,0,2,2,2,0,2,,,,,6454714,76.49,74.74,70.83,17,24.857,0,0,174,363,1.1,1377474,2129833000,,,,,,
20210910,0,4,3,2,2,3,2,2,0,2,2,1,2,1,1,1,1,2,1,0,4,2,2,1,3,0,2,2,2,2,2,2,2,0,2,2,2,0,2,,,,,6152286,76.49,74.74,70.83,25,24.429,0,0,171,367,1.21,1154814,2135240000,,,,,,
20210911,0,4,3,2,2,3,2,2,0,2,2,1,2,1,1,1,1,2,1,0,4,2,2,1,3,0,2,2,2,2,2,2,2,0,2,2,2,0,2,,,,,6027571,76.49,74.74,70.83,46,27,0,0,189,380,1.34,932154,2142580000,,,,,,
20210912,0,4,3,2,2,3,2,2,0,2,2,1,2,1,1,1,1,2,1,0,4,2,2,1,3,0,2,2,2,2,2,2,2,0,2,2,2,0,2,,,,,5810714,76.49,74.74,70.83,49,31.429,0,0,220,406,1.43,709494,2148120000,,,,,,
20210913,0,4,3,2,2,3,2,2,0,2,2,1,2,1,1,1,1,2,1,0,4,2,2,1,3,0,2,2,2,2,2,2,2,0,2,2,2,0,2,,,,,5633857,76.49,74.74,70.83,92,39.429,0,0,276,461,1.5,486833,2152520000,,,,,,
20210914,0,4,3,2,2,3,2,2,0,2,2,1,2,1,1,1,1,2,1,0,4,2,2,1,3,0,2,2,2,2,2,2,2,0,2,2,2,0,2,,,,,5416143,76.49,74.74,70.83,73,47.143,0,0,330,515,1.48,486833,2156938000,,,,,,
20210915,0,4,3,2,2,3,2,2,0,2,2,1,2,1,1,1,1,2,1,0,4,2,2,1,3,0,2,2,2,2,2,2,2,0,2,2,2,0,2,,,,,5263714,76.49,74.74,70.83,80,54.571,0,0,382,567,1.43,486833,2161428000,,1011584000,,,70.04,
20210916,0,4,3,2,2,3,2,2,0,2,2,1,2,1,1,1,1,2,1,0,4,2,2,1,3,0,2,2,2,2,2,2,2,0,2,2,2,0,2,,,,,5120857,76.49,74.74,70.83,84,64.143,0,0,449,623,1.35,486833,2165679000,,,,,,
20210917,0,4,3,2,2,3,2,2,0,2,2,1,2,1,1,1,1,2,1,0,4,2,2,1,3,0,2,2,2,2,2,2,2,0,2,2,2,0,2,,,,,4968143,76.49,74.74,70.83,46,67.143,0,0,470,641,1.26,486833,2170017000,,,,,,
20210918,0,4,3,2,2,3,2,2,0,2,2,1,2,1,1,1,1,2,1,0,4,2,2,1,3,0,2,2,2,2,2,2,2,0,2,2,2,0,2,,,,,4494714,80.06,77.86,76.39,66,70,0,0,490,679,1.19,486833,2174043000,1100842000,1022207000,,76.22,70.78,
20210919,0,4,3,2,2,3,2,2,0,2,2,1,2,1,1,1,1,2,1,0,4,2,2,1,3,0,2,2,2,2,2,2,2,0,2,2,2,0,2,,,,,4216857,80.06,77.86,76.39,49,70,0,0,490,710,1.11,703364,2177638000,,,,,,
20210920,0,4,3,2,2,3,2,2,0,2,2,1,2,1,1,1,1,2,1,0,4,2,2,1,3,0,2,2,2,2,2,2,2,0,2,2,2,0,2,,,,,4066571,80.06,77.86,76.39,72,67.143,0,0,470,746,1.06,919895,2180986000,,,,,,
20210921,0,4,3,2,2,3,2,2,0,2,2,1,2,1,1,1,1,2,1,0,4,2,2,1,3,0,2,2,2,2,2,2,2,0,2,2,2,0,2,,,,,3666571,80.06,77.86,76.39,41,62.571,0,0,438,768,0.99,1136425,2182604000,,,,,,
20210922,0,4,3,2,2,3,2,2,0,2,2,1,2,1,1,1,1,2,1,0,4,2,2,1,3,0,2,2,2,2,2,2,2,0,2,2,2,0,2,,,,,3593571,80.06,77.86,76.39,43,57.286,0,0,401,783,0.95,1352956,2186583000,,,,,,
20210923,0,4,3,2,2,3,2,2,0,2,2,1,2,1,1,1,1,2,1,0,4,2,2,1,3,0,2,2,2,2,2,2,2,0,2,2,2,0,2,,,,,3587571,80.06,77.86,76.39,54,53,0,0,371,820,0.92,1569487,2190792000,,,,,,
20210924,0,4,3,2,2,3,2,2,0,2,2,1,2,1,1,1,1,2,1,0,4,2,2,1,3,0,2,2,2,2,2,2,2,0,2,2,2,0,2,,,,,3492857,80.06,77.86,76.39,38,51.857,0,0,363,833,0.89,1786018,2194467000,,,,,,
20210925,0,4,3,2,2,3,2,2,0,2,2,1,2,1,1,1,1,2,1,0,4,2,2,1,3,0,2,2,2,2,2,2,2,0,2,2,2,0,2,,,,,3378000,80.06,77.86,76.39,29,46.571,0,0,326,816,0.85,2002548,2197689000,,,,,,
20210926,0,4,3,2,2,3,2,2,0,2,2,1,2,1,1,1,1,2,1,0,4,2,2,1,3,0,2,2,2,2,2,2,2,0,2,2,2,0,2,,,,,3223429,80.06,77.86,76.39,35,44.571,0,0,312,802,0.83,2002548,2200202000,,,,,,
20210927,0,4,3,2,2,3,2,2,0,2,2,1,2,1,1,1,1,2,1,0,4,2,2,1,3,0,2,2,2,2,2,2,2,0,2,2,2,0,2,,,,,3171286,80.06,77.86,76.39,31,38.714,0,0,271,741,0.8,2002548,2203185000,,,,,,
20210928,0,4,3,2,2,3,2,2,0,2,2,1,2,1,1,1,1,2,1,0,4,2,2,1,3,0,2,2,2,2,2,2,2,0,2,2,2,0,2,,,,,3350000,80.06,77.86,76.39,25,36.429,0,0,255,693,0.81,2002548,2206054000,,1047872000,,,72.56,
20210929,0,4,3,2,2,3,2,2,0,2,2,1,2,1,1,1,1,2,1,0,4,2,2,1,3,0,2,2,2,2,2,2,2,0,2,2,2,0,2,,,,,3191143,80.06,77.86,76.39,22,33.429,0,0,234,635,0.8,2002548,2208921000,,,,,,
20210930,0,4,3,2,2,3,2,2,0,2,2,1,2,1,1,1,1,2,1,0,4,2,2,1,3,0,2,2,2,2,2,2,2,0,2,2,2,0,2,,,,,2951429,80.06,77.86,76.39,34,30.571,0,0,214,585,0.81,2002548,2211452000,,,,,,
20211001,0,4,3,2,2,3,2,2,0,2,2,1,2,1,1,1,1,2,1,0,4,2,2,1,3,0,2,2,2,2,2,2,2,0,2,2,2,0,2,,,,,2534143,80.06,77.86,76.39,41,31,0,0,217,580,0.82,2002548,2212206000,,,,,,
20211002,0,4,3,2,2,3,2,2,0,2,2,1,2,1,1,1,1,2,1,0,4,2,2,1,3,0,2,2,2,2,2,2,2,0,2,2,2,0,2,,,,,2181714,80.06,77.86,76.39,28,30.857,0,0,216,542,0.8,2002548,2212961000,,,,,,
20211003,0,4,3,2,2,3,2,2,0,2,2,1,2,1,1,1,1,2,1,0,4,2,2,1,3,0,2,2,2,2,2,2,2,0,2,2,2,0,2,,,,,1927000,80.06,77.86,76.39,27,29.714,0,0,208,520,0.78,2002548,2213691000,,,,,,
20211004,0,4,3,2,2,3,2,2,0,2,2,1,2,1,1,1,1,2,1,0,4,2,2,1,3,0,2,2,2,2,2,2,2,0,2,2,2,0,2,,,,,1625571,80.06,77.86,76.39,26,29,0,0,203,474,0.79,2002548,2214564000,,,,,,
20211005,0,4,3,2,2,3,2,2,0,2,2,1,2,1,1,1,1,2,1,0,4,2,2,1,3,0,2,2,2,2,2,2,2,0,2,2,2,0,2,,,,,1339143,80.06,77.86,76.39,26,29.143,0,0,204,459,0.79,2002548,2215428000,,,,,,
20211006,0,4,3,2,2,3,2,2,0,2,2,1,2,1,1,1,1,2,1,0,4,2,2,1,3,0,2,2,2,2,2,2,2,0,2,2,2,0,2,,,,,1065857,80.06,77.86,76.39,25,29.571,0,0,207,441,0.79,2002548,2216382000,,,,,,
20211007,0,4,3,2,2,3,2,2,0,2,2,1,2,1,1,1,1,2,1,0,4,2,2,1,3,0,2,2,2,2,2,2,2,0,2,2,2,0,2,,,,,873000,80.06,77.86,76.39,22,27.857,0,0,195,409,0.78,2002548,2217563000,,,,,,
20211008,0,4,3,2,2,3,2,2,0,2,2,1,2,1,1,1,1,2,1,0,4,2,2,1,3,0,2,2,2,2,2,2,2,0,2,2,2,0,2,,,,,945714,80.06,77.86,76.39,17,24.429,0,0,171,388,0.77,2002548,2218826000,,,,,,
20211009,0,4,3,2,2,3,2,2,0,2,2,1,2,1,1,1,1,2,1,0,4,2,2,1,3,0,2,2,2,2,2,2,2,0,2,2,2,0,2,,,,,1023857,80.06,77.86,76.39,24,23.857,0,0,167,383,0.78,2002548,2220128000,,,,,,
20211010,0,4,3,2,2,3,2,2,0,2,2,1,2,1,1,1,1,2,1,0,4,2,2,1,3,0,2,2,2,2,2,2,2,0,2,2,2,0,2,,,,,1079143,80.06,77.86,76.39,25,23.571,0,0,165,373,0.86,2002548,2221245000,,,,,,
20211011,0,4,3,2,2,3,2,2,0,2,2,1,2,1,1,1,1,2,1,0,4,2,2,1,3,0,2,2,2,2,2,2,2,0,2,2,2,0,2,,,,,1157429,80.06,77.86,76.39,12,21.571,0,0,151,354,0.84,2002548,2222666000,,,,,,
20211012,0,4,3,2,2,3,2,2,0,2,2,1,2,1,1,1,1,2,1,0,4,2,2,1,3,0,2,2,2,2,2,2,2,0,2,2,2,0,2,,,,,1236143,80.06,77.86,76.39,22,21,0,0,147,351,0.85,2002548,2224081000,,,,,,
20211013,0,4,3,2,2,3,2,2,0,2,2,1,2,1,1,1,1,2,1,0,4,2,2,1,3,0,2,2,2,2,2,2,2,0,2,2,2,0,2,,,,,1303143,80.06,77.86,76.39,26,21.143,0,0,148,355,0.86,2002548,2225504000,,,,,,
20211014,0,4,3,2,2,3,2,2,0,2,2,1,2,1,1,1,1,2,1,0,4,2,2,1,3,0,2,2,2,2,2,2,2,0,2,2,2,0,2,,,,,1395857,80.06,77.86,76.39,5,18.714,0,0,131,326,0.86,2002548,2227334000,,,,,,
20211015,0,4,3,2,2,3,2,2,0,2,2,1,2,1,1,1,1,2,1,0,4,2,2,1,3,0,2,2,2,2,2,2,2,0,2,2,2,0,2,,,,,1483714,80.06,77.86,76.39,14,18.286,0,0,128,299,0.92,2002548,2229212000,,,,,,
20211016,0,4,3,2,2,3,2,2,0,2,2,1,2,1,1,1,1,2,1,0,4,2,2,1,3,0,2,2,2,2,2,2,2,0,2,2,2,0,2,,,,,1491286,80.06,77.86,76.39,21,17.857,0,0,125,292,0.99,2002548,2230567000,,,,,,
20211017,0,4,3,2,2,3,2,2,0,2,2,1,2,1,1,1,1,2,1,0,4,2,2,1,3,0,2,2,2,2,2,2,2,0,2,2,2,0,2,,,,,1549000,80.06,77.86,76.39,27,18.143,0,0,127,292,1.04,2002548,2232088000,,,,,,
20211018,0,4,3,2,2,3,2,2,0,2,2,1,2,1,1,1,1,2,1,0,4,2,2,1,3,0,2,2,2,2,2,2,2,0,2,2,2,0,2,,,,,1632857,80.06,77.86,76.39,21,19.429,0,0,136,287,1.09,2002548,2234096000,,,,,,
20211019,0,4,3,2,2,3,2,2,0,2,2,1,2,1,1,1,1,2,1,0,4,2,2,1,3,0,2,2,2,2,2,2,2,0,2,2,2,0,2,,,,,1735000,76.49,74.74,70.83,30,20.571,0,0,144,291,1.17,2002548,2236226000,,,,,,
20211020,0,4,3,2,2,3,2,2,0,2,2,1,2,1,1,1,1,2,1,0,4,2,2,1,3,0,2,2,2,2,2,2,2,0,2,2,2,0,2,,,,,1831571,76.49,74.74,70.83,21,19.857,0,0,139,287,1.24,2002548,2238325000,,,,,,
20211021,0,4,3,2,2,3,2,2,0,2,2,1,2,1,1,1,1,2,1,0,4,2,2,1,3,0,2,2,2,2,2,2,2,0,2,2,2,0,2,,,,,1888000,76.49,74.74,70.83,48,26,0,0,182,313,1.33,2002548,2240550000,,,,,,
20211022,0,4,3,2,2,3,2,2,0,2,2,1,2,1,1,1,1,2,1,0,4,2,2,1,3,0,2,2,2,2,2,2,2,0,2,2,2,0,2,,,,,1972286,76.49,74.74,70.83,45,30.429,0,0,213,341,1.36,2002548,2243018000,,,,,,
20211023,0,4,3,2,2,3,2,2,0,2,2,1,2,1,1,1,1,2,1,0,4,2,2,1,3,0,2,2,2,2,2,2,2,0,2,2,2,0,2,,,,,2022857,76.49,74.74,70.83,44,33.714,0,0,236,361,1.38,2002548,2244727000,,1067621000,,,73.92,
20211024,0,4,3,2,2,3,2,2,0,2,2,1,2,1,1,1,1,2,1,0,4,2,2,1,3,0,2,2,2,2,2,2,2,0,2,2,2,0,2,,,,,2018429,76.49,74.74,70.83,38,35.286,0,0,247,374,1.37,2002548,2246217000,,,,,,
20211025,0,4,3,2,2,3,2,2,0,2,2,1,2,1,1,1,1,2,1,0,4,2,2,1,3,0,2,2,2,2,2,2,2,0,2,2,2,0,2,,,,,2084571,76.49,74.74,70.83,63,41.286,0,0,289,425,1.39,2002548,2248688000,,,,,,
20211026,0,4,3,2,2,3,2,2,0,2,2,1,2,1,1,1,1,2,1,0,4,2,2,1,3,0,2,2,2,2,2,2,2,0,2,2,2,0,2,,,,,2159000,76.49,74.74,70.83,39,42.571,0,0,298,442,1.37,2002548,2251339000,,,,,,
20211027,0,4,3,2,2,3,2,2,0,2,2,1,2,1,1,1,1,2,1,0,4,2,2,1,3,0,2,2,2,2,2,2,2,0,2,2,2,0,2,,,,,2275286,76.49,74.74,70.83,39,45.143,0,0,316,455,1.39,2002548,2254252000,,,,,,
20211028,0,4,3,2,2,3,2,2,0,2,2,1,2,1,1,1,1,2,1,0,4,2,2,1,3,0,2,2,2,2,2,2,2,0,2,2,2,0,2,,,,,2433429,76.49,74.74,70.83,64,47.429,0,0,332,514,1.43,2002548,2257584000,,,,,,
20211029,0,4,3,2,2,3,2,2,0,2,2,1,2,1,1,1,1,2,1,0,4,2,2,1,3,0,2,2,2,2,2,2,2,0,2,2,2,0,2,,,,,2744000,76.49,74.74,70.83,78,52.143,0,0,365,578,1.46,2002548,2262226000,,1070386000,,,74.12,
20211030,0,4,3,2,2,3,2,2,0,2,2,1,2,1,1,1,1,2,1,0,4,2,2,1,3,0,2,2,2,2,2,2,2,0,2,2,2,0,2,,,,,3376429,76.49,74.74,70.83,72,56.143,0,0,393,629,1.45,2002548,2268362000,,,,,,
20211031,0,4,3,2,2,3,2,2,0,2,2,1,2,1,1,1,1,2,1,0,4,2,2,1,3,0,2,2,2,2,2,2,2,0,2,2,2,0,2,,,,,3979286,76.49,74.74,70.83,91,63.714,0,0,446,693,1.43,2002548,2274072000,,,,,,
20211101,0,4,3,2,2,3,2,2,0,2,2,1,2,1,1,1,1,2,1,0,4,2,2,1,3,0,2,2,2,2,2,2,2,0,2,2,2,0,2,,,,,4390571,76.49,74.74,70.83,71,64.857,0,0,454,743,1.4,2002548,2279422000,,,,,,
20211102,0,4,3,2,2,3,2,2,0,2,2,1,2,1,1,1,1,2,1,0,4,2,2,1,3,0,2,2,2,2,2,2,2,0,2,2,2,0,2,,,,,4945000,76.49,74.74,70.83,110,75,0,0,525,823,1.38,2002548,2285954000,,,,,,
20211103,0,4,3,2,2,3,2,2,0,2,2,1,2,1,1,1,1,2,1,0,4,2,2,1,3,0,2,2,2,2,2,2,2,0,2,2,2,0,2,,,,,5652571,76.49,74.74,70.83,103,84.143,0,0,589,905,1.32,2002548,2293820000,,,,,,
20211104,0,4,3,2,2,3,2,2,0,2,2,1,2,1,1,1,1,2,1,0,4,2,2,1,3,0,2,2,2,2,2,2,2,0,2,2,2,0,2,,,,,6442143,76.49,74.74,70.83,78,86.143,0,0,603,935,1.23,2002548,2302679000,,,,,,
20211105,0,4,3,2,2,3,2,2,0,2,2,1,2,1,1,1,1,2,1,0,4,2,2,1,3,0,2,2,2,2,2,2,2,0,2,2,2,0,2,,,,,7057143,76.49,74.74,70.83,60,83.571,0,0,585,950,1.16,2002548,2311626000,,1072454000,37973000,,74.26,2.63
20211106,0,4,3,2,2,3,2,2,0,2,2,1,2,1,1,1,1,2,1,0,4,2,2,1,3,0,2,2,2,2,2,2,2,0,2,2,2,0,2,,,,,7677143,76.49,74.74,70.83,69,83.143,0,0,582,975,1.11,2002548,2322102000,,,,,,
20211107,0,4,3,2,2,3,2,2,0,2,2,1,2,1,1,1,1,2,1,0,4,2,2,1,3,0,2,2,2,2,2,2,2,0,2,2,2,0,2,,,,,8093429,76.49,74.74,70.83,89,82.857,0,0,580,1026,1.07,2002548,2330726000,,,,,,
20211108,0,4,3,2,2,3,2,2,0,2,2,1,2,1,1,1,1,2,1,0,4,2,2,1,3,0,2,2,2,2,2,2,2,0,2,2,2,0,2,,,,,8438714,76.49,74.74,70.83,62,81.571,0,0,571,1025,1.02,2002548,2338493000,,,,,,
20211109,0,4,3,2,2,3,2,2,0,2,2,1,2,1,1,1,1,2,1,0,4,2,2,1,3,0,2,2,2,2,2,2,2,0,2,2,2,0,2,,,,,8696714,76.49,74.74,70.83,54,73.571,0,0,515,1040,0.99,2002548,2346831000,,,,,,
20211110,0,4,3,2,2,3,2,2,0,2,2,1,2,1,1,1,1,2,1,0,4,2,2,1,3,0,2,2,2,2,2,2,2,0,2,2,2,0,2,,,,,8815000,76.49,74.74,70.83,64,68,0,0,476,1065,0.99,2002548,2355525000,,,,,,
20211111,0,4,3,2,2,3,2,2,0,2,2,1,2,1,1,1,1,2,1,0,4,2,2,1,3,0,2,2,2,2,2,2,2,0,2,2,2,0,2,,,,,8764714,76.49,74.74,70.83,96,70.571,0,0,494,1097,0.98,2002548,2364032000,,,,,,
20211112,0,4,3,2,2,3,2,2,0,2,2,1,2,1,1,1,1,2,1,0,4,2,2,1,3,0,2,2,2,2,2,2,2,0,2,2,2,0,2,,,,,8726714,76.49,74.74,70.83,75,72.714,0,0,509,1094,0.94,2002548,2372713000,,1073845000,49440000,,74.35,3.42
20211113,4,1,4,4,4,2,2,2,4,4,4,4,4,4,3,4,4,4,4,4,4,4,4,4,4,0,2,2,2,2,2,2,2,0,2,2,2,0,2,0,,1,,8575857,72.92,71.61,65.28,89,75.571,0,0,529,1111,0.88,2002548,2382133000,,,,,,
20211114,4,1,4,4,4,2,2,2,4,4,4,4,4,4,3,4,4,4,4,4,4,4,4,4,4,0,2,2,2,2,2,2,2,0,2,2,2,0,2,,,,,8406000,72.92,71.61,65.28,52,70.286,0,0,492,1072,0.79,2002548,2389568000,,,,,,
20211115,4,1,4,4,4,2,2,2,4,4,4,4,4,4,3,4,4,4,4,4,4,4,4,4,4,0,2,2,2,2,2,2,2,0,2,2,2,0,2,,,,,8221714,72.92,71.61,65.28,22,64.571,0,0,452,1023,0.71,2002548,2396045000,,,,,,
20211116,4,1,4,4,4,2,2,2,4,4,4,4,4,4,3,4,4,4,4,4,4,4,4,4,4,0,2,2,2,2,2,2,2,0,2,2,2,0,2,,,,,8009429,72.92,71.61,65.28,31,61.286,0,0,429,944,0.67,2002548,2402897000,,,,,,
20211117,4,1,4,4,4,2,2,2,4,4,4,4,4,4,3,4,4,4,4,4,4,4,4,4,4,0,2,2,2,2,2,2,2,0,2,2,2,0,2,,,,,7751286,72.92,71.61,65.28,35,57.143,0,0,400,876,0.66,2002548,2409784000,,,,,,
20211118,4,1,4,4,4,2,2,2,4,4,4,4,4,4,3,4,4,4,4,4,4,4,4,4,4,0,2,2,2,2,2,2,2,0,2,2,2,0,2,,,,,7449571,72.92,71.61,65.28,24,46.857,0,0,328,822,0.64,2002548,2416179000,,,,,,
20211119,4,1,4,4,4,2,2,2,4,4,4,4,4,4,3,4,4,4,4,4,4,4,4,4,4,0,2,2,2,2,2,2,2,0,2,2,2,0,2,,,,,7170714,72.92,71.61,65.28,23,39.429,0,0,276,785,0.63,2002548,2422908000,1225000000,1076308000,65730000,84.82,74.53,4.55
20211120,4,1,4,4,4,2,2,2,4,4,4,4,4,4,3,4,4,4,4,4,4,4,4,4,4,0,2,2,2,2,2,2,2,0,2,2,2,0,2,,,,,6944286,72.92,71.61,65.28,17,29.143,0,0,204,733,0.65,1844554,2430743000,,,,,,
20211121,4,1,4,4,4,2,2,2,4,4,4,4,4,4,3,4,4,4,4,4,4,4,4,4,4,0,2,2,2,2,2,2,2,0,2,2,2,0,2,,,,,6812000,72.92,71.61,65.28,38,27.143,0,0,190,682,0.68,1686560,2437252000,,,,,,
20211122,4,1,4,4,4,2,2,2,4,4,4,4,4,4,3,4,4,4,4,4,4,4,4,4,4,0,2,2,2,2,2,2,2,0,2,2,2,0,2,,,,,6677286,72.92,71.61,65.28,19,26.714,0,0,187,639,0.71,1528566,2442786000,,,,,,
20211123,4,1,4,4,4,2,2,2,4,4,4,4,4,4,3,4,4,4,4,4,4,4,4,4,4,0,2,2,2,2,2,2,2,0,2,2,2,0,2,,,,,6647143,72.92,71.61,65.28,22,25.429,0,0,178,607,0.75,1370572,2449427000,,,,,,
20211124,4,1,4,4,4,2,2,2,4,4,4,4,4,4,3,4,4,4,4,4,4,4,4,4,4,0,2,2,2,2,2,2,2,0,2,2,2,0,2,,,,,6690429,72.92,71.61,65.28,24,23.857,0,0,167,567,0.81,1212578,2456617000,,,,,,
20211125,4,1,4,4,4,2,2,2,4,4,4,4,4,4,3,4,4,4,4,4,4,4,4,4,4,0,2,2,2,2,2,2,2,0,2,2,2,0,2,,,,,6878714,72.92,71.61,65.28,13,22.286,0,0,156,484,0.88,1054584,2464330000,,,,,,
20211126,4,1,4,4,4,2,2,2,4,4,4,4,4,4,3,4,4,4,4,4,4,4,4,4,4,0,2,2,2,2,2,2,2,0,2,2,2,0,2,,,,,7134143,72.92,71.61,65.28,25,22.571,0,0,158,434,0.98,896590,2472847000,,,,,,
20211127,4,1,4,4,4,2,2,2,4,4,4,4,4,4,3,4,4,4,4,4,4,4,4,4,4,0,2,2,2,2,2,2,2,0,2,2,2,0,2,,,,,7450286,72.92,71.61,65.28,23,23.429,0,0,164,368,1.1,896590,2482895000,,,,,,
20211128,4,1,4,4,4,2,2,2,4,4,4,4,4,4,3,4,4,4,4,4,4,4,4,4,4,0,2,2,2,2,2,2,2,0,2,2,2,0,2,,,,,7827000,76.49,74.74,70.83,41,23.857,0,0,167,357,1.24,896590,2492041000,,,,,,
20211129,4,1,4,4,4,2,2,2,4,4,4,4,4,4,3,4,4,4,4,4,4,4,4,4,4,0,2,2,2,2,2,2,2,0,2,2,2,0,2,,,,,8146714,76.49,74.74,70.83,39,26.714,0,0,187,374,1.39,896590,2499813000,,1110506000,,,76.89,
20211130,4,1,4,4,4,2,2,2,4,4,4,4,4,4,3,4,4,4,4,4,4,4,4,4,4,0,2,2,2,2,2,2,2,0,2,2,2,0,2,,,,,8364000,76.49,74.74,70.83,113,39.714,0,0,278,456,1.55,896590,2507975000,,,,,,
20211201,4,1,4,4,4,2,2,2,4,4,4,4,4,4,3,4,4,4,4,4,4,4,4,4,4,0,2,2,2,2,2,2,2,0,2,2,2,0,2,,,,,8537571,76.49,74.74,70.83,73,46.714,0,0,327,494,1.54,896590,2516380000,,,,,,
20211202,4,1,4,4,4,2,2,2,4,4,4,4,4,4,3,4,4,4,4,4,4,4,4,4,4,0,2,2,2,2,2,2,2,0,2,2,2,0,2,,,,,8576143,76.49,74.74,70.83,96,58.571,0,0,410,566,1.52,896590,2524363000,,,,,,
20211203,4,1,4,4,4,2,2,2,4,4,4,4,4,4,3,4,4,4,4,4,4,4,4,4,4,0,2,2,2,2,2,2,2,0,2,2,2,0,2,,,,,8564571,76.49,74.74,70.83,90,67.857,0,0,475,633,1.45,896590,2532799000,,1125000000,96312000,,77.9,6.67
20211204,4,1,4,4,4,2,2,2,4,4,4,4,4,4,3,4,4,4,4,4,4,4,4,4,4,0,2,2,2,2,2,2,2,0,2,2,2,0,2,,,,,8647000,76.49,74.74,70.83,59,73,0,0,511,675,1.37,896590,2543424000,,,,,,
20211205,4,1,4,4,4,2,2,2,4,4,4,4,4,4,3,4,4,4,4,4,4,4,4,4,4,0,2,2,2,2,2,2,2,0,2,2,2,0,2,,,,,8712429,76.49,74.74,70.83,61,75.857,0,0,531,698,1.31,896590,2553028000,,,,,,
20211206,4,1,4,4,4,2,2,2,4,4,4,4,4,4,3,4,4,4,4,4,4,4,4,4,4,0,2,2,2,2,2,2,2,0,2,2,2,0,2,,,,,8614857,76.49,74.74,70.83,94,83.714,0,0,586,773,1.29,896590,2560117000,,,,,,
20211207,4,1,4,4,4,2,2,2,4,4,4,4,4,4,3,4,4,4,4,4,4,4,4,4,4,0,2,2,2,2,2,2,2,0,2,2,2,0,2,,,,,8511000,76.49,74.74,70.83,74,78.143,0,0,547,825,1.25,896590,2567552000,,,,,,
20211208,4,1,4,4,4,2,2,2,4,4,4,4,4,4,3,4,4,4,4,4,4,4,4,4,4,0,2,2,2,2,2,2,2,0,2,2,2,0,2,,,,,8364429,76.49,74.74,70.83,83,79.571,0,0,557,884,1.22,896590,2574931000,,,,,,
20211209,4,1,4,4,4,2,2,2,4,4,4,4,4,4,3,4,4,4,4,4,4,4,4,4,4,0,2,2,2,2,2,2,2,0,2,2,2,0,2,,,,,8339571,76.49,74.74,70.83,63,74.857,0,0,524,934,1.19,896590,2582740000,,,,,,
20211210,4,1,4,4,4,2,2,2,4,4,4,4,4,4,3,4,4,4,4,4,4,4,4,4,4,0,2,2,2,2,2,2,2,0,2,2,2,0,2,,,,,8440000,76.49,74.74,70.83,87,74.429,0,0,521,996,1.18,896590,2591879000,,1162488000,120580000,,80.49,8.35
20211211,4,1,4,4,4,2,2,2,4,4,4,4,4,4,3,4,4,4,4,4,4,4,4,4,4,0,2,2,2,2,2,2,2,0,2,2,2,0,2,,,,,8468429,76.49,74.74,70.83,75,76.714,0,0,537,1048,1.17,896590,2602703000,,,,,,
20211212,4,1,4,4,4,2,2,2,4,4,4,4,4,4,3,4,4,4,4,4,4,4,4,4,4,0,2,2,2,2,2,2,2,0,2,2,2,0,2,,,,,8455714,76.49,74.74,70.83,101,82.429,0,0,577,1108,1.16,896590,2612218000,,,,,,
20211213,4,1,4,4,4,2,2,2,4,4,4,4,4,4,3,4,4,4,4,4,4,4,4,4,4,0,2,2,2,2,2,2,2,0,2,2,2,0,2,,,,,8724714,76.49,74.74,70.83,76,79.857,0,0,559,1145,1.14,896590,2621190000,,,,,,
20211214,4,1,4,4,4,2,2,2,4,4,4,4,4,4,3,4,4,4,4,4,4,4,4,4,4,2,2,2,2,2,2,2,2,2,2,2,2,2,2,,,1,,8950286,76.49,74.74,70.83,69,79.143,0,0,554,1101,1.13,896590,2630204000,,,,,,
20211215,4,1,4,4,4,2,2,2,4,4,4,4,4,4,3,4,4,4,4,4,4,4,4,4,4,2,2,2,2,2,2,2,2,2,2,2,2,2,2,,,,,9304000,76.49,74.74,70.83,75,78,0,0,546,1103,1.14,896590,2640059000,,,,,,
20211216,4,1,4,4,4,2,2,2,4,4,4,4,4,4,3,4,4,4,4,4,4,4,4,4,4,2,2,2,2,2,2,2,2,2,2,2,2,2,2,,,,,9688714,76.49,74.74,70.83,76,79.857,0,0,559,1083,1.17,896590,2650561000,,,,,,
20211217,4,1,4,4,4,2,2,2,4,4,4,4,4,4,3,4,4,4,4,4,4,4,4,4,4,2,2,2,2,2,2,2,2,2,2,2,2,2,2,,,,,9994143,76.49,74.74,70.83,125,85.286,0,0,597,1118,1.2,896590,2661838000,,1186289000,,,82.14,
20211218,4,1,4,4,4,2,2,2,4,4,4,4,4,4,3,4,4,4,4,4,4,4,4,4,4,2,2,2,2,2,2,2,2,2,2,2,2,2,2,,,,,10140714,76.49,74.74,70.83,83,86.429,0,0,605,1142,1.19,896590,2673688000,,,,,,
20211219,4,1,4,4,4,2,2,2,4,4,4,4,4,4,3,4,4,4,4,4,4,4,4,4,4,2,2,2,2,2,2,2,2,2,2,2,2,2,2,,,,,10296000,76.49,74.74,70.83,102,86.571,0,0,606,1183,1.18,896590,2684290000,,1193466000,,,82.64,
20211220,4,1,4,4,4,2,2,2,4,4,4,4,4,4,3,4,4,4,4,4,4,4,4,4,4,2,2,2,2,2,2,2,2,2,2,2,2,2,2,,,,,10570143,76.49,74.74,70.83,81,87.286,0,0,611,1170,1.18,896590,2695181000,,,,,,
20211221,4,1,4,4,4,2,2,2,4,4,4,4,4,4,3,4,4,4,4,4,4,4,4,4,4,2,2,2,2,2,2,2,2,2,2,2,2,2,2,,,,,10924571,76.49,74.74,70.83,78,88.571,0,0,620,1174,1.21,896590,2706676000,,,,,,
20211222,4,1,4,4,4,2,2,2,4,4,4,4,4,4,3,4,4,4,4,4,4,4,4,4,4,2,2,2,2,2,2,2,2,2,2,2,2,2,2,,,,,11342857,76.49,74.74,70.83,99,92,0,0,644,1190,1.25,896590,2719459000,,,,,,
20211223,4,1,4,4,4,2,2,2,4,4,4,4,4,4,3,4,4,4,4,4,4,4,4,4,4,2,2,2,2,2,2,2,2,2,2,2,2,2,2,,,,,11741143,81.85,79.43,79.17,87,93.571,0,0,655,1214,1.3,896590,2732749000,,,,,,
20211224,4,1,4,4,4,2,2,2,4,4,4,4,4,4,3,4,4,4,4,4,4,4,4,4,4,2,2,2,2,2,2,2,2,2,2,2,2,2,2,,,,,12005571,81.85,79.43,79.17,140,95.714,0,0,670,1267,1.38,896590,2745877000,,,,,,
20211225,4,1,4,4,4,2,2,2,4,4,4,4,4,4,3,4,4,4,4,4,4,4,4,4,4,2,2,2,2,2,2,2,2,2,2,2,2,2,2,,,,,12058000,81.85,79.43,79.17,46,90.429,0,0,633,1238,1.45,896590,2758094000,,1203362000,,,83.32,
20211226,4,1,4,4,4,2,2,2,4,4,4,4,4,4,3,4,4,4,4,4,4,4,4,4,4,2,2,2,2,2,2,2,2,2,2,2,2,2,2,,,,,12177143,81.85,79.43,79.17,208,105.571,0,0,739,1345,1.57,896590,2769530000,,,,,,
20211227,4,1,4,4,4,2,2,2,4,4,4,4,4,4,3,4,4,4,4,4,4,4,4,4,4,2,2,2,2,2,2,2,2,2,2,2,2,2,2,,,,,12384000,81.85,79.43,79.17,361,145.571,0,0,1019,1630,1.63,896590,2781869000,,,,,,
20211228,4,1,4,4,4,2,2,2,4,4,4,4,4,4,3,4,4,4,4,4,4,4,4,4,4,2,2,2,2,2,2,2,2,2,2,2,2,2,2,,,,,12720000,81.85,79.43,79.17,197,162.571,0,0,1138,1758,1.54,896590,2795716000,1259967000,1207413000,,87.24,83.6,
20211229,4,1,4,4,4,2,2,2,4,4,4,4,4,4,3,4,4,4,4,4,4,4,4,4,4,2,2,2,2,2,2,2,2,2,2,2,2,2,2,,,,,12951286,81.85,79.43,79.17,207,178,0,0,1246,1890,1.46,801320,2810118000,,,,,,
20211230,4,1,4,4,4,2,2,2,4,4,4,4,4,4,3,4,4,4,4,4,4,4,4,4,4,2,2,2,2,2,2,2,2,2,2,2,2,2,2,,,,,12952714,81.85,79.43,79.17,195,193.429,0,0,1354,2009,1.39,706050,2823418000,,,,,,
20211231,4,1,4,4,4,2,2,2,4,4,4,4,4,4,3,4,4,4,4,4,4,4,4,4,4,2,2,2,2,2,2,2,2,2,2,2,2,2,2,,,,,12779286,81.85,79.43,79.17,229,206.143,0,0,1443,2113,1.32,610780,2835332000,,,,,,
20220101,4,1,4,4,4,2,2,2,4,4,4,4,4,4,3,4,4,4,4,4,4,4,4,4,4,2,2,2,2,2,2,2,2,2,2,2,2,2,2,,,,,11882143,81.85,79.43,79.17,191,226.857,0,0,1588,2221,1.25,515510,2841269000,,,,,,
20220102,4,1,4,4,4,2,2,2,4,4,4,4,4,4,3,4,4,4,4,4,4,4,4,4,4,2,2,2,2,2,2,2,2,2,2,2,2,2,2,,,,,11195429,81.85,79.43,79.17,161,220.143,0,0,1541,2280,1.18,420240,2847898000,,,,,,
20220103,4,1,4,4,4,2,2,2,4,4,4,4,4,4,3,4,4,4,4,4,4,4,4,4,4,2,2,2,2,2,2,2,2,2,2,2,2,2,2,,,,,10479429,81.85,79.43,79.17,175,193.571,0,0,1355,2374,1.13,324970,2855225000,,,,,,
20220104,4,1,4,4,4,2,2,2,4,4,4,4,4,4,3,4,4,4,4,4,4,4,4,4,4,2,2,2,2,2,2,2,2,2,2,2,2,2,2,,,,,9692143,81.85,79.43,79.17,91,178.429,0,0,1249,2387,1.1,229700,2863561000,,,,,,
20220105,4,1,4,4,4,2,2,2,4,4,4,4,4,4,3,4,4,4,4,4,4,4,4,4,4,2,2,2,2,2,2,2,2,2,2,2,2,2,2,,,,,8842714,81.85,79.43,79.17,189,175.857,0,0,1231,2477,1.1,229700,2872017000,,,,,,
20220106,4,1,4,4,4,2,2,2,4,4,4,4,4,4,3,4,4,4,4,4,4,4,4,4,4,2,2,2,2,2,2,2,2,2,2,2,2,2,2,,,,,8082143,81.85,79.43,79.17,174,172.857,0,0,1210,2564,1.09,229700,2879993000,,1213000000,331000000,,83.99,22.92
20220107,4,1,4,4,4,2,2,2,4,4,4,4,4,4,3,4,4,4,4,4,4,4,4,4,4,2,2,2,2,2,2,2,2,2,2,2,2,2,2,,,,,7491429,81.85,79.43,79.17,159,162.857,0,0,1140,2583,1.07,229700,2887772000,1262264000,1215878000,,87.4,84.19,
20220108,4,1,4,4,4,2,2,2,4,4,4,4,4,4,3,4,4,4,4,4,4,4,4,4,4,2,2,2,2,2,2,2,2,2,2,2,2,2,2,,,,,7558429,81.85,79.43,79.17,165,159.143,0,0,1114,2702,1.06,226008,2894178000,,,,,,
20220109,4,1,4,4,4,2,2,2,4,4,4,4,4,4,3,4,4,4,4,4,4,4,4,4,4,2,2,2,2,2,2,2,2,2,2,2,2,2,2,,,,,7379857,81.85,79.43,79.17,157,158.571,0,0,1110,2651,1.05,222316,2899557000,,,,,,
20220110,4,1,4,4,4,2,2,2,4,4,4,4,4,4,3,4,4,4,4,4,4,4,4,4,4,2,2,2,2,2,2,2,2,2,2,2,2,2,2,,,,,7201857,81.85,79.43,79.17,192,161,0,0,1127,2482,1.05,218624,2905638000,,,,,,
20220111,4,1,4,4,4,2,2,2,4,4,4,4,4,4,3,4,4,4,4,4,4,4,4,4,4,2,2,2,2,2,2,2,2,2,2,2,2,2,2,,,,,6945286,81.85,79.43,79.17,221,179.571,0,0,1257,2506,1.04,214933,2912178000,,,,,,
20220112,4,1,4,4,4,2,2,2,4,4,4,4,4,4,3,4,4,4,4,4,4,4,4,4,4,2,2,2,2,2,2,2,2,2,2,2,2,2,2,,,,,6604571,81.85,79.43,79.17,190,179.714,0,0,1258,2489,1.01,211241,2918249000,,,,,,
20220113,4,1,4,4,4,2,2,2,4,4,4,4,4,4,3,4,4,4,4,4,4,4,4,4,4,2,2,2,2,2,2,2,2,2,2,2,2,2,2,,,,,6243571,81.85,79.43,79.17,201,183.571,0,0,1285,2495,0.98,207549,2923698000,,,,,,
20220114,4,1,4,4,4,2,2,2,4,4,4,4,4,4,3,4,4,4,4,4,4,4,4,4,4,2,2,2,2,2,2,2,2,2,2,2,2,2,2,,,,,5887000,81.85,79.43,79.17,165,184.429,0,0,1291,2431,0.94,203857,2928981000,1263691000,1220584000,,87.5,84.52,
20220115,4,1,4,4,4,2,2,2,4,4,4,4,4,4,3,4,4,4,4,4,4,4,4,4,4,2,2,2,2,2,2,2,2,2,2,2,2,2,2,,,,,5615286,81.85,79.43,79.17,119,177.857,0,0,1245,2359,0.9,202143,2933485000,,,,,,
20220116,4,1,4,4,4,2,2,2,4,4,4,4,4,4,3,4,4,4,4,4,4,4,4,4,4,2,2,2,2,2,2,2,2,2,2,2,2,2,2,,,,,5439286,81.85,79.43,79.17,223,187.286,0,0,1311,2421,0.89,200429,2937632000,,,,,,